{
  "version": "1.1.0",
  "diagrams": [
    {
      "ordinal": 0,
      "scrollPosition": {
        "x": 992,
        "y": 96
      },
      "nodes": [
        {
          "location": {
            "x": 1714,
            "y": -10
          },
          "nodeIndex": "Error Table",
          "nodeLineageTag": "2b39a763-93a7-40e5-8ece-df642ee3d517",
          "size": {
            "height": 296,
            "width": 234
          },
          "zIndex": 0
        },
        {
          "location": {
            "x": 343,
            "y": 203
          },
          "nodeIndex": "Online_Retail_Service",
          "nodeLineageTag": "e9711509-ce6a-4ca4-98a8-b97d8091d6a8",
          "size": {
            "height": 296,
            "width": 234
          },
          "zIndex": 0
        },
        {
          "location": {
            "x": 1699,
            "y": 320
          },
          "nodeIndex": "InvoiceNo",
          "nodeLineageTag": "ec5bd86a-657b-438b-a3e9-9dc9ee4f4c29",
          "size": {
            "height": 128,
            "width": 234
          },
          "zIndex": 0
        },
        {
          "location": {
            "x": 0,
            "y": 96
          },
          "nodeIndex": "Calendar",
          "nodeLineageTag": "c4fb5ada-b0cb-4af5-be3c-2cd15a606929",
          "size": {
            "height": 104,
            "width": 234
          },
          "zIndex": 0
        },
        {
          "location": {
            "x": 0,
            "y": 299
          },
          "nodeIndex": "Country Details",
          "nodeLineageTag": "9a771179-1e05-4120-baf5-1d3932a3484f",
          "size": {
            "height": 104,
            "width": 234
          },
          "zIndex": 0
        },
        {
          "location": {
            "x": 681,
            "y": 31
          },
          "nodeIndex": "Customer Details",
          "nodeLineageTag": "9d676ffc-cbae-4dac-a956-57568f3c49a3",
          "size": {
            "height": 104,
            "width": 234
          },
          "zIndex": 0
        },
        {
          "location": {
            "x": 694,
            "y": 298
          },
          "nodeIndex": "Invoice Details",
          "nodeLineageTag": "e2b8fcb2-0c07-4577-b54e-704b3376add8",
          "size": {
            "height": 104,
            "width": 234
          },
          "zIndex": 0
        },
        {
          "location": {
            "x": 312,
            "y": 0
          },
          "nodeIndex": "Stock Details",
          "nodeLineageTag": "3b98523f-ce1c-4310-a6e3-efb44fc5c8be",
          "size": {
            "height": 145,
            "width": 234
          },
          "zIndex": 0
        },
        {
          "location": {
            "x": 1998,
            "y": 154.5
          },
          "nodeIndex": "Measure",
          "size": {
            "height": 200,
            "width": 234
          },
          "zIndex": 0
        },
        {
          "location": {
            "x": 2282,
            "y": 142.5
          },
          "nodeIndex": "Parameter",
          "size": {
            "height": 224,
            "width": 234
          },
          "zIndex": 0
        }
      ],
      "name": "All tables",
      "zoomValue": 100,
      "pinKeyFieldsToTop": false,
      "showExtraHeaderInfo": false,
      "hideKeyFieldsWhenCollapsed": false,
      "tablesLocked": false
    }
  ],
  "selectedDiagram": "All tables",
  "defaultDiagram": "All tables"
}