{
  "config": "{\"version\":\"5.55\",\"themeCollection\":{\"baseTheme\":{\"name\":\"CY24SU06\",\"version\":\"5.55\",\"type\":2}},\"activeSectionIndex\":0,\"bookmarks\":[{\"displayName\":\"sales by month\",\"name\":\"c3b02d9c636ea2e3e91c\",\"explorationState\":{\"version\":\"1.3\",\"activeSection\":\"a5056e10d596296c415b\",\"sections\":{\"a5056e10d596296c415b\":{\"visualContainers\":{\"5cc578fbe625aca50dc6\":{\"filters\":{\"byExpr\":[{\"type\":\"Advanced\",\"expression\":{\"Measure\":{\"Expression\":{\"SourceRef\":{\"Entity\":\"Measure\"}},\"Property\":\"Total stocks\"}},\"howCreated\":0}]},\"singleVisual\":{\"visualType\":\"card\",\"objects\":{},\"orderBy\":[{\"Direction\":2,\"Expression\":{\"Measure\":{\"Expression\":{\"SourceRef\":{\"Entity\":\"Measure\"}},\"Property\":\"Total stocks\"}}}]}},\"340ab627eec0e565e75d\":{\"filters\":{\"byExpr\":[{\"type\":\"Advanced\",\"expression\":{\"Measure\":{\"Expression\":{\"SourceRef\":{\"Entity\":\"Measure\"}},\"Property\":\"Total customer\"}},\"howCreated\":0}]},\"singleVisual\":{\"visualType\":\"card\",\"objects\":{},\"orderBy\":[{\"Direction\":2,\"Expression\":{\"Measure\":{\"Expression\":{\"SourceRef\":{\"Entity\":\"Measure\"}},\"Property\":\"Total customer\"}}}]}},\"543df85f0110e31c2d09\":{\"filters\":{\"byExpr\":[{\"type\":\"Advanced\",\"expression\":{\"Measure\":{\"Expression\":{\"SourceRef\":{\"Entity\":\"Measure\"}},\"Property\":\"Total sales\"}},\"howCreated\":0}]},\"singleVisual\":{\"visualType\":\"card\",\"objects\":{},\"orderBy\":[{\"Direction\":2,\"Expression\":{\"Measure\":{\"Expression\":{\"SourceRef\":{\"Entity\":\"Measure\"}},\"Property\":\"Total sales\"}}}]}},\"08ec362b7c6dca932c87\":{\"filters\":{\"byExpr\":[{\"type\":\"Categorical\",\"expression\":{\"Column\":{\"Expression\":{\"SourceRef\":{\"Entity\":\"Country Details\"}},\"Property\":\"Country\"}},\"howCreated\":0},{\"type\":\"Advanced\",\"expression\":{\"Measure\":{\"Expression\":{\"SourceRef\":{\"Entity\":\"Measure\"}},\"Property\":\"Sales by Country\"}},\"howCreated\":0}]},\"singleVisual\":{\"visualType\":\"tableEx\",\"objects\":{},\"display\":{\"mode\":\"hidden\"}}},\"bd0f6a9058d1d6a9101a\":{\"filters\":{\"byExpr\":[{\"type\":\"Advanced\",\"expression\":{\"Measure\":{\"Expression\":{\"SourceRef\":{\"Entity\":\"Measure\"}},\"Property\":\"Order quantity\"}},\"howCreated\":0}]},\"singleVisual\":{\"visualType\":\"card\",\"objects\":{},\"orderBy\":[{\"Direction\":2,\"Expression\":{\"Measure\":{\"Expression\":{\"SourceRef\":{\"Entity\":\"Measure\"}},\"Property\":\"Order quantity\"}}}]}},\"c5f56704b64b11a1d0d0\":{\"filters\":{\"byExpr\":[{\"type\":\"Categorical\",\"expression\":{\"HierarchyLevel\":{\"Expression\":{\"Hierarchy\":{\"Expression\":{\"PropertyVariationSource\":{\"Expression\":{\"SourceRef\":{\"Entity\":\"Calendar\"}},\"Name\":\"Variation\",\"Property\":\"Date\"}},\"Hierarchy\":\"Date Hierarchy\"}},\"Level\":\"Month\"}},\"howCreated\":0},{\"type\":\"Advanced\",\"expression\":{\"Measure\":{\"Expression\":{\"SourceRef\":{\"Entity\":\"Measure\"}},\"Property\":\"Total sales\"}},\"howCreated\":0}]},\"singleVisual\":{\"visualType\":\"lineChart\",\"objects\":{},\"activeProjections\":{\"Category\":[{\"HierarchyLevel\":{\"Expression\":{\"Hierarchy\":{\"Expression\":{\"PropertyVariationSource\":{\"Expression\":{\"SourceRef\":{\"Entity\":\"Calendar\"}},\"Name\":\"Variation\",\"Property\":\"Date\"}},\"Hierarchy\":\"Date Hierarchy\"}},\"Level\":\"Month\"}}]}}},\"bc0248b58e3337cb1805\":{\"filters\":{\"byExpr\":[{\"type\":\"Categorical\",\"expression\":{\"HierarchyLevel\":{\"Expression\":{\"Hierarchy\":{\"Expression\":{\"PropertyVariationSource\":{\"Expression\":{\"SourceRef\":{\"Entity\":\"Calendar\"}},\"Name\":\"Variation\",\"Property\":\"Date\"}},\"Hierarchy\":\"Date Hierarchy\"}},\"Level\":\"Month\"}},\"howCreated\":0},{\"type\":\"Advanced\",\"expression\":{\"Measure\":{\"Expression\":{\"SourceRef\":{\"Entity\":\"Measure\"}},\"Property\":\"Sales in 2011\"}},\"howCreated\":0},{\"type\":\"Advanced\",\"expression\":{\"Measure\":{\"Expression\":{\"SourceRef\":{\"Entity\":\"Measure\"}},\"Property\":\"Sales in 2010\"}},\"howCreated\":0}]},\"singleVisual\":{\"visualType\":\"tableEx\",\"objects\":{},\"orderBy\":[{\"Direction\":1,\"Expression\":{\"HierarchyLevel\":{\"Expression\":{\"Hierarchy\":{\"Expression\":{\"PropertyVariationSource\":{\"Expression\":{\"SourceRef\":{\"Entity\":\"Calendar\"}},\"Name\":\"Variation\",\"Property\":\"Date\"}},\"Hierarchy\":\"Date Hierarchy\"}},\"Level\":\"Month\"}}}]}},\"901148fc82e100e1b097\":{\"singleVisual\":{\"visualType\":\"actionButton\",\"objects\":{}}},\"f695059d56060ce20233\":{\"singleVisual\":{\"visualType\":\"actionButton\",\"objects\":{}}}}}},\"objects\":{\"merge\":{\"outspacePane\":[{\"properties\":{\"expanded\":{\"expr\":{\"Literal\":{\"Value\":\"false\"}}}}}]}}},\"options\":{\"targetVisualNames\":[]}},{\"displayName\":\"Sales by country\",\"name\":\"5583be31000e0c28708a\",\"explorationState\":{\"version\":\"1.3\",\"activeSection\":\"a5056e10d596296c415b\",\"sections\":{\"a5056e10d596296c415b\":{\"visualContainers\":{\"5cc578fbe625aca50dc6\":{\"filters\":{\"byExpr\":[{\"type\":\"Advanced\",\"expression\":{\"Measure\":{\"Expression\":{\"SourceRef\":{\"Entity\":\"Measure\"}},\"Property\":\"Total stocks\"}},\"howCreated\":0}]},\"singleVisual\":{\"visualType\":\"card\",\"objects\":{},\"orderBy\":[{\"Direction\":2,\"Expression\":{\"Measure\":{\"Expression\":{\"SourceRef\":{\"Entity\":\"Measure\"}},\"Property\":\"Total stocks\"}}}]}},\"340ab627eec0e565e75d\":{\"filters\":{\"byExpr\":[{\"type\":\"Advanced\",\"expression\":{\"Measure\":{\"Expression\":{\"SourceRef\":{\"Entity\":\"Measure\"}},\"Property\":\"Total customer\"}},\"howCreated\":0}]},\"singleVisual\":{\"visualType\":\"card\",\"objects\":{},\"orderBy\":[{\"Direction\":2,\"Expression\":{\"Measure\":{\"Expression\":{\"SourceRef\":{\"Entity\":\"Measure\"}},\"Property\":\"Total customer\"}}}]}},\"543df85f0110e31c2d09\":{\"filters\":{\"byExpr\":[{\"type\":\"Advanced\",\"expression\":{\"Measure\":{\"Expression\":{\"SourceRef\":{\"Entity\":\"Measure\"}},\"Property\":\"Total sales\"}},\"howCreated\":0}]},\"singleVisual\":{\"visualType\":\"card\",\"objects\":{},\"orderBy\":[{\"Direction\":2,\"Expression\":{\"Measure\":{\"Expression\":{\"SourceRef\":{\"Entity\":\"Measure\"}},\"Property\":\"Total sales\"}}}]}},\"08ec362b7c6dca932c87\":{\"filters\":{\"byExpr\":[{\"type\":\"Categorical\",\"expression\":{\"Column\":{\"Expression\":{\"SourceRef\":{\"Entity\":\"Country Details\"}},\"Property\":\"Country\"}},\"howCreated\":0},{\"type\":\"Advanced\",\"expression\":{\"Measure\":{\"Expression\":{\"SourceRef\":{\"Entity\":\"Measure\"}},\"Property\":\"Sales by Country\"}},\"howCreated\":0}]},\"singleVisual\":{\"visualType\":\"tableEx\",\"objects\":{}}},\"bd0f6a9058d1d6a9101a\":{\"filters\":{\"byExpr\":[{\"type\":\"Advanced\",\"expression\":{\"Measure\":{\"Expression\":{\"SourceRef\":{\"Entity\":\"Measure\"}},\"Property\":\"Order quantity\"}},\"howCreated\":0}]},\"singleVisual\":{\"visualType\":\"card\",\"objects\":{},\"orderBy\":[{\"Direction\":2,\"Expression\":{\"Measure\":{\"Expression\":{\"SourceRef\":{\"Entity\":\"Measure\"}},\"Property\":\"Order quantity\"}}}]}},\"c5f56704b64b11a1d0d0\":{\"filters\":{\"byExpr\":[{\"type\":\"Categorical\",\"expression\":{\"HierarchyLevel\":{\"Expression\":{\"Hierarchy\":{\"Expression\":{\"PropertyVariationSource\":{\"Expression\":{\"SourceRef\":{\"Entity\":\"Calendar\"}},\"Name\":\"Variation\",\"Property\":\"Date\"}},\"Hierarchy\":\"Date Hierarchy\"}},\"Level\":\"Month\"}},\"howCreated\":0},{\"type\":\"Advanced\",\"expression\":{\"Measure\":{\"Expression\":{\"SourceRef\":{\"Entity\":\"Measure\"}},\"Property\":\"Total sales\"}},\"howCreated\":0}]},\"singleVisual\":{\"visualType\":\"lineChart\",\"objects\":{},\"activeProjections\":{\"Category\":[{\"HierarchyLevel\":{\"Expression\":{\"Hierarchy\":{\"Expression\":{\"PropertyVariationSource\":{\"Expression\":{\"SourceRef\":{\"Entity\":\"Calendar\"}},\"Name\":\"Variation\",\"Property\":\"Date\"}},\"Hierarchy\":\"Date Hierarchy\"}},\"Level\":\"Month\"}}]}}},\"bc0248b58e3337cb1805\":{\"filters\":{\"byExpr\":[{\"type\":\"Categorical\",\"expression\":{\"HierarchyLevel\":{\"Expression\":{\"Hierarchy\":{\"Expression\":{\"PropertyVariationSource\":{\"Expression\":{\"SourceRef\":{\"Entity\":\"Calendar\"}},\"Name\":\"Variation\",\"Property\":\"Date\"}},\"Hierarchy\":\"Date Hierarchy\"}},\"Level\":\"Month\"}},\"howCreated\":0},{\"type\":\"Advanced\",\"expression\":{\"Measure\":{\"Expression\":{\"SourceRef\":{\"Entity\":\"Measure\"}},\"Property\":\"Sales in 2011\"}},\"howCreated\":0},{\"type\":\"Advanced\",\"expression\":{\"Measure\":{\"Expression\":{\"SourceRef\":{\"Entity\":\"Measure\"}},\"Property\":\"Sales in 2010\"}},\"howCreated\":0}]},\"singleVisual\":{\"visualType\":\"tableEx\",\"objects\":{},\"orderBy\":[{\"Direction\":1,\"Expression\":{\"HierarchyLevel\":{\"Expression\":{\"Hierarchy\":{\"Expression\":{\"PropertyVariationSource\":{\"Expression\":{\"SourceRef\":{\"Entity\":\"Calendar\"}},\"Name\":\"Variation\",\"Property\":\"Date\"}},\"Hierarchy\":\"Date Hierarchy\"}},\"Level\":\"Month\"}}}],\"display\":{\"mode\":\"hidden\"}}},\"901148fc82e100e1b097\":{\"singleVisual\":{\"visualType\":\"actionButton\",\"objects\":{}}},\"f695059d56060ce20233\":{\"singleVisual\":{\"visualType\":\"actionButton\",\"objects\":{}}}}}},\"objects\":{\"merge\":{\"outspacePane\":[{\"properties\":{\"expanded\":{\"expr\":{\"Literal\":{\"Value\":\"false\"}}}}}]}}},\"options\":{\"targetVisualNames\":[]}},{\"displayName\":\"Filter\",\"name\":\"a4dddfba540ba037cd1b\",\"explorationState\":{\"version\":\"1.3\",\"activeSection\":\"a5056e10d596296c415b\",\"sections\":{\"a5056e10d596296c415b\":{\"visualContainers\":{\"5cc578fbe625aca50dc6\":{\"filters\":{\"byExpr\":[{\"type\":\"Advanced\",\"expression\":{\"Measure\":{\"Expression\":{\"SourceRef\":{\"Entity\":\"Measure\"}},\"Property\":\"Total stocks\"}},\"howCreated\":0}]},\"singleVisual\":{\"visualType\":\"card\",\"objects\":{},\"orderBy\":[{\"Direction\":2,\"Expression\":{\"Measure\":{\"Expression\":{\"SourceRef\":{\"Entity\":\"Measure\"}},\"Property\":\"Total stocks\"}}}]}},\"340ab627eec0e565e75d\":{\"filters\":{\"byExpr\":[{\"type\":\"Advanced\",\"expression\":{\"Measure\":{\"Expression\":{\"SourceRef\":{\"Entity\":\"Measure\"}},\"Property\":\"Total customer\"}},\"howCreated\":0}]},\"singleVisual\":{\"visualType\":\"card\",\"objects\":{},\"orderBy\":[{\"Direction\":2,\"Expression\":{\"Measure\":{\"Expression\":{\"SourceRef\":{\"Entity\":\"Measure\"}},\"Property\":\"Total customer\"}}}]}},\"543df85f0110e31c2d09\":{\"filters\":{\"byExpr\":[{\"type\":\"Advanced\",\"expression\":{\"Measure\":{\"Expression\":{\"SourceRef\":{\"Entity\":\"Measure\"}},\"Property\":\"Total sales\"}},\"howCreated\":0}]},\"singleVisual\":{\"visualType\":\"card\",\"objects\":{},\"orderBy\":[{\"Direction\":2,\"Expression\":{\"Measure\":{\"Expression\":{\"SourceRef\":{\"Entity\":\"Measure\"}},\"Property\":\"Total sales\"}}}]}},\"08ec362b7c6dca932c87\":{\"filters\":{\"byExpr\":[{\"type\":\"Categorical\",\"expression\":{\"Column\":{\"Expression\":{\"SourceRef\":{\"Entity\":\"Country Details\"}},\"Property\":\"Country\"}},\"howCreated\":0},{\"type\":\"Advanced\",\"expression\":{\"Measure\":{\"Expression\":{\"SourceRef\":{\"Entity\":\"Measure\"}},\"Property\":\"Sales by Country\"}},\"howCreated\":0}]},\"singleVisual\":{\"visualType\":\"tableEx\",\"objects\":{}}},\"bd0f6a9058d1d6a9101a\":{\"filters\":{\"byExpr\":[{\"type\":\"Advanced\",\"expression\":{\"Measure\":{\"Expression\":{\"SourceRef\":{\"Entity\":\"Measure\"}},\"Property\":\"Order quantity\"}},\"howCreated\":0}]},\"singleVisual\":{\"visualType\":\"card\",\"objects\":{},\"orderBy\":[{\"Direction\":2,\"Expression\":{\"Measure\":{\"Expression\":{\"SourceRef\":{\"Entity\":\"Measure\"}},\"Property\":\"Order quantity\"}}}]}},\"c5f56704b64b11a1d0d0\":{\"filters\":{\"byExpr\":[{\"type\":\"Categorical\",\"expression\":{\"HierarchyLevel\":{\"Expression\":{\"Hierarchy\":{\"Expression\":{\"PropertyVariationSource\":{\"Expression\":{\"SourceRef\":{\"Entity\":\"Calendar\"}},\"Name\":\"Variation\",\"Property\":\"Date\"}},\"Hierarchy\":\"Date Hierarchy\"}},\"Level\":\"Month\"}},\"howCreated\":0},{\"type\":\"Advanced\",\"expression\":{\"Measure\":{\"Expression\":{\"SourceRef\":{\"Entity\":\"Measure\"}},\"Property\":\"Total sales\"}},\"howCreated\":0}]},\"singleVisual\":{\"visualType\":\"lineChart\",\"objects\":{},\"activeProjections\":{\"Category\":[{\"HierarchyLevel\":{\"Expression\":{\"Hierarchy\":{\"Expression\":{\"PropertyVariationSource\":{\"Expression\":{\"SourceRef\":{\"Entity\":\"Calendar\"}},\"Name\":\"Variation\",\"Property\":\"Date\"}},\"Hierarchy\":\"Date Hierarchy\"}},\"Level\":\"Month\"}}]}}},\"bc0248b58e3337cb1805\":{\"filters\":{\"byExpr\":[{\"type\":\"Categorical\",\"expression\":{\"HierarchyLevel\":{\"Expression\":{\"Hierarchy\":{\"Expression\":{\"PropertyVariationSource\":{\"Expression\":{\"SourceRef\":{\"Entity\":\"Calendar\"}},\"Name\":\"Variation\",\"Property\":\"Date\"}},\"Hierarchy\":\"Date Hierarchy\"}},\"Level\":\"Month\"}},\"howCreated\":0},{\"type\":\"Advanced\",\"expression\":{\"Measure\":{\"Expression\":{\"SourceRef\":{\"Entity\":\"Measure\"}},\"Property\":\"Sales in 2011\"}},\"howCreated\":0},{\"type\":\"Advanced\",\"expression\":{\"Measure\":{\"Expression\":{\"SourceRef\":{\"Entity\":\"Measure\"}},\"Property\":\"Sales in 2010\"}},\"howCreated\":0}]},\"singleVisual\":{\"visualType\":\"tableEx\",\"objects\":{},\"orderBy\":[{\"Direction\":1,\"Expression\":{\"HierarchyLevel\":{\"Expression\":{\"Hierarchy\":{\"Expression\":{\"PropertyVariationSource\":{\"Expression\":{\"SourceRef\":{\"Entity\":\"Calendar\"}},\"Name\":\"Variation\",\"Property\":\"Date\"}},\"Hierarchy\":\"Date Hierarchy\"}},\"Level\":\"Month\"}}}],\"display\":{\"mode\":\"hidden\"}}},\"901148fc82e100e1b097\":{\"singleVisual\":{\"visualType\":\"actionButton\",\"objects\":{}}},\"f695059d56060ce20233\":{\"singleVisual\":{\"visualType\":\"actionButton\",\"objects\":{}}},\"4289ecbd143d84ad06be\":{\"singleVisual\":{\"visualType\":\"shape\",\"objects\":{}}},\"8a1f460366e958ab3b00\":{\"singleVisual\":{\"visualType\":\"image\",\"objects\":{}}},\"b5f2a102aaee541b460b\":{\"singleVisual\":{\"visualType\":\"textbox\",\"objects\":{}}},\"e7ef0e556b0de601c05b\":{\"singleVisual\":{\"visualType\":\"actionButton\",\"objects\":{}}},\"4bcc3f00ebbd2890a037\":{\"singleVisual\":{\"visualType\":\"actionButton\",\"objects\":{}}},\"cc86c4b8113d891babb1\":{\"singleVisual\":{\"visualType\":\"actionButton\",\"objects\":{}}},\"c7bdf02724b26432c897\":{\"filters\":{\"byExpr\":[{\"type\":\"Advanced\",\"expression\":{\"Column\":{\"Expression\":{\"SourceRef\":{\"Entity\":\"Parameter\"}},\"Property\":\"Parameter\"}},\"howCreated\":0}]},\"singleVisual\":{\"visualType\":\"slicer\",\"objects\":{\"merge\":{\"general\":[{\"properties\":{\"filter\":{\"filter\":{\"Version\":2,\"From\":[{\"Name\":\"p\",\"Entity\":\"Parameter\",\"Type\":0}],\"Where\":[{\"Condition\":{\"Comparison\":{\"ComparisonKind\":0,\"Left\":{\"Column\":{\"Expression\":{\"SourceRef\":{\"Source\":\"p\"}},\"Property\":\"Parameter\"}},\"Right\":{\"Literal\":{\"Value\":\"10D\"}}}}}]}}}}],\"data\":[{\"properties\":{\"numericStart\":{\"expr\":{\"Literal\":{\"Value\":\"10D\"}}},\"mode\":{\"expr\":{\"Literal\":{\"Value\":\"'Single'\"}}}}}]}},\"activeProjections\":{\"Values\":[{\"Column\":{\"Expression\":{\"SourceRef\":{\"Entity\":\"Parameter\"}},\"Property\":\"Parameter\"}}]}}},\"1fee1bf1b8a213694a74\":{\"filters\":{\"byExpr\":[{\"type\":\"Categorical\",\"expression\":{\"HierarchyLevel\":{\"Expression\":{\"Hierarchy\":{\"Expression\":{\"PropertyVariationSource\":{\"Expression\":{\"SourceRef\":{\"Entity\":\"Calendar\"}},\"Name\":\"Variation\",\"Property\":\"Date\"}},\"Hierarchy\":\"Date Hierarchy\"}},\"Level\":\"Quarter\"}},\"howCreated\":0}]},\"singleVisual\":{\"visualType\":\"slicer\",\"objects\":{\"merge\":{\"data\":[{\"properties\":{\"mode\":{\"expr\":{\"Literal\":{\"Value\":\"'Basic'\"}}}}}]}},\"activeProjections\":{\"Values\":[{\"HierarchyLevel\":{\"Expression\":{\"Hierarchy\":{\"Expression\":{\"PropertyVariationSource\":{\"Expression\":{\"SourceRef\":{\"Entity\":\"Calendar\"}},\"Name\":\"Variation\",\"Property\":\"Date\"}},\"Hierarchy\":\"Date Hierarchy\"}},\"Level\":\"Quarter\"}}]}}},\"ff5f811f69d53d68bb50\":{\"filters\":{\"byExpr\":[{\"type\":\"Advanced\",\"expression\":{\"HierarchyLevel\":{\"Expression\":{\"Hierarchy\":{\"Expression\":{\"PropertyVariationSource\":{\"Expression\":{\"SourceRef\":{\"Entity\":\"Calendar\"}},\"Name\":\"Variation\",\"Property\":\"Date\"}},\"Hierarchy\":\"Date Hierarchy\"}},\"Level\":\"Year\"}},\"howCreated\":0}]},\"singleVisual\":{\"visualType\":\"slicer\",\"objects\":{\"merge\":{\"data\":[{\"properties\":{\"mode\":{\"expr\":{\"Literal\":{\"Value\":\"'Basic'\"}}}}}]}},\"activeProjections\":{\"Values\":[{\"HierarchyLevel\":{\"Expression\":{\"Hierarchy\":{\"Expression\":{\"PropertyVariationSource\":{\"Expression\":{\"SourceRef\":{\"Entity\":\"Calendar\"}},\"Name\":\"Variation\",\"Property\":\"Date\"}},\"Hierarchy\":\"Date Hierarchy\"}},\"Level\":\"Year\"}}]}}},\"dfe512a7dcc7d6b55d95\":{\"singleVisual\":{\"visualType\":\"shape\",\"objects\":{}}},\"3ba08caf449d401d390e\":{\"singleVisual\":{\"visualType\":\"actionButton\",\"objects\":{}}}},\"visualContainerGroups\":{\"7347282472b0c6c76140\":{\"isHidden\":false}}}},\"objects\":{\"merge\":{\"outspacePane\":[{\"properties\":{\"expanded\":{\"expr\":{\"Literal\":{\"Value\":\"false\"}}}}}]}}},\"options\":{\"targetVisualNames\":[],\"suppressData\":false}},{\"displayName\":\"Close\",\"name\":\"ca3d5ae6ce273d426b6e\",\"explorationState\":{\"version\":\"1.3\",\"activeSection\":\"a5056e10d596296c415b\",\"sections\":{\"a5056e10d596296c415b\":{\"visualContainers\":{\"5cc578fbe625aca50dc6\":{\"filters\":{\"byExpr\":[{\"type\":\"Advanced\",\"expression\":{\"Measure\":{\"Expression\":{\"SourceRef\":{\"Entity\":\"Measure\"}},\"Property\":\"Total stocks\"}},\"howCreated\":0}]},\"singleVisual\":{\"visualType\":\"card\",\"objects\":{},\"orderBy\":[{\"Direction\":2,\"Expression\":{\"Measure\":{\"Expression\":{\"SourceRef\":{\"Entity\":\"Measure\"}},\"Property\":\"Total stocks\"}}}]}},\"340ab627eec0e565e75d\":{\"filters\":{\"byExpr\":[{\"type\":\"Advanced\",\"expression\":{\"Measure\":{\"Expression\":{\"SourceRef\":{\"Entity\":\"Measure\"}},\"Property\":\"Total customer\"}},\"howCreated\":0}]},\"singleVisual\":{\"visualType\":\"card\",\"objects\":{},\"orderBy\":[{\"Direction\":2,\"Expression\":{\"Measure\":{\"Expression\":{\"SourceRef\":{\"Entity\":\"Measure\"}},\"Property\":\"Total customer\"}}}]}},\"543df85f0110e31c2d09\":{\"filters\":{\"byExpr\":[{\"type\":\"Advanced\",\"expression\":{\"Measure\":{\"Expression\":{\"SourceRef\":{\"Entity\":\"Measure\"}},\"Property\":\"Total sales\"}},\"howCreated\":0}]},\"singleVisual\":{\"visualType\":\"card\",\"objects\":{},\"orderBy\":[{\"Direction\":2,\"Expression\":{\"Measure\":{\"Expression\":{\"SourceRef\":{\"Entity\":\"Measure\"}},\"Property\":\"Total sales\"}}}]}},\"08ec362b7c6dca932c87\":{\"filters\":{\"byExpr\":[{\"type\":\"Categorical\",\"expression\":{\"Column\":{\"Expression\":{\"SourceRef\":{\"Entity\":\"Country Details\"}},\"Property\":\"Country\"}},\"howCreated\":0},{\"type\":\"Advanced\",\"expression\":{\"Measure\":{\"Expression\":{\"SourceRef\":{\"Entity\":\"Measure\"}},\"Property\":\"Sales by Country\"}},\"howCreated\":0}]},\"singleVisual\":{\"visualType\":\"tableEx\",\"objects\":{}}},\"bd0f6a9058d1d6a9101a\":{\"filters\":{\"byExpr\":[{\"type\":\"Advanced\",\"expression\":{\"Measure\":{\"Expression\":{\"SourceRef\":{\"Entity\":\"Measure\"}},\"Property\":\"Order quantity\"}},\"howCreated\":0}]},\"singleVisual\":{\"visualType\":\"card\",\"objects\":{},\"orderBy\":[{\"Direction\":2,\"Expression\":{\"Measure\":{\"Expression\":{\"SourceRef\":{\"Entity\":\"Measure\"}},\"Property\":\"Order quantity\"}}}]}},\"c5f56704b64b11a1d0d0\":{\"filters\":{\"byExpr\":[{\"type\":\"Categorical\",\"expression\":{\"HierarchyLevel\":{\"Expression\":{\"Hierarchy\":{\"Expression\":{\"PropertyVariationSource\":{\"Expression\":{\"SourceRef\":{\"Entity\":\"Calendar\"}},\"Name\":\"Variation\",\"Property\":\"Date\"}},\"Hierarchy\":\"Date Hierarchy\"}},\"Level\":\"Month\"}},\"howCreated\":0},{\"type\":\"Advanced\",\"expression\":{\"Measure\":{\"Expression\":{\"SourceRef\":{\"Entity\":\"Measure\"}},\"Property\":\"Total sales\"}},\"howCreated\":0}]},\"singleVisual\":{\"visualType\":\"lineChart\",\"objects\":{},\"activeProjections\":{\"Category\":[{\"HierarchyLevel\":{\"Expression\":{\"Hierarchy\":{\"Expression\":{\"PropertyVariationSource\":{\"Expression\":{\"SourceRef\":{\"Entity\":\"Calendar\"}},\"Name\":\"Variation\",\"Property\":\"Date\"}},\"Hierarchy\":\"Date Hierarchy\"}},\"Level\":\"Month\"}}]}}},\"bc0248b58e3337cb1805\":{\"filters\":{\"byExpr\":[{\"type\":\"Categorical\",\"expression\":{\"HierarchyLevel\":{\"Expression\":{\"Hierarchy\":{\"Expression\":{\"PropertyVariationSource\":{\"Expression\":{\"SourceRef\":{\"Entity\":\"Calendar\"}},\"Name\":\"Variation\",\"Property\":\"Date\"}},\"Hierarchy\":\"Date Hierarchy\"}},\"Level\":\"Month\"}},\"howCreated\":0},{\"type\":\"Advanced\",\"expression\":{\"Measure\":{\"Expression\":{\"SourceRef\":{\"Entity\":\"Measure\"}},\"Property\":\"Sales in 2011\"}},\"howCreated\":0},{\"type\":\"Advanced\",\"expression\":{\"Measure\":{\"Expression\":{\"SourceRef\":{\"Entity\":\"Measure\"}},\"Property\":\"Sales in 2010\"}},\"howCreated\":0}]},\"singleVisual\":{\"visualType\":\"tableEx\",\"objects\":{},\"orderBy\":[{\"Direction\":1,\"Expression\":{\"HierarchyLevel\":{\"Expression\":{\"Hierarchy\":{\"Expression\":{\"PropertyVariationSource\":{\"Expression\":{\"SourceRef\":{\"Entity\":\"Calendar\"}},\"Name\":\"Variation\",\"Property\":\"Date\"}},\"Hierarchy\":\"Date Hierarchy\"}},\"Level\":\"Month\"}}}],\"display\":{\"mode\":\"hidden\"}}},\"901148fc82e100e1b097\":{\"singleVisual\":{\"visualType\":\"actionButton\",\"objects\":{}}},\"f695059d56060ce20233\":{\"singleVisual\":{\"visualType\":\"actionButton\",\"objects\":{}}},\"4289ecbd143d84ad06be\":{\"singleVisual\":{\"visualType\":\"shape\",\"objects\":{}}},\"8a1f460366e958ab3b00\":{\"singleVisual\":{\"visualType\":\"image\",\"objects\":{}}},\"b5f2a102aaee541b460b\":{\"singleVisual\":{\"visualType\":\"textbox\",\"objects\":{}}},\"e7ef0e556b0de601c05b\":{\"singleVisual\":{\"visualType\":\"actionButton\",\"objects\":{}}},\"4bcc3f00ebbd2890a037\":{\"singleVisual\":{\"visualType\":\"actionButton\",\"objects\":{}}},\"cc86c4b8113d891babb1\":{\"singleVisual\":{\"visualType\":\"actionButton\",\"objects\":{}}},\"c7bdf02724b26432c897\":{\"filters\":{\"byExpr\":[{\"type\":\"Advanced\",\"expression\":{\"Column\":{\"Expression\":{\"SourceRef\":{\"Entity\":\"Parameter\"}},\"Property\":\"Parameter\"}},\"howCreated\":0}]},\"singleVisual\":{\"visualType\":\"slicer\",\"objects\":{\"merge\":{\"general\":[{\"properties\":{\"filter\":{\"filter\":{\"Version\":2,\"From\":[{\"Name\":\"p\",\"Entity\":\"Parameter\",\"Type\":0}],\"Where\":[{\"Condition\":{\"Comparison\":{\"ComparisonKind\":0,\"Left\":{\"Column\":{\"Expression\":{\"SourceRef\":{\"Source\":\"p\"}},\"Property\":\"Parameter\"}},\"Right\":{\"Literal\":{\"Value\":\"10D\"}}}}}]}}}}],\"data\":[{\"properties\":{\"numericStart\":{\"expr\":{\"Literal\":{\"Value\":\"10D\"}}},\"mode\":{\"expr\":{\"Literal\":{\"Value\":\"'Single'\"}}}}}]}},\"activeProjections\":{\"Values\":[{\"Column\":{\"Expression\":{\"SourceRef\":{\"Entity\":\"Parameter\"}},\"Property\":\"Parameter\"}}]}}},\"1fee1bf1b8a213694a74\":{\"filters\":{\"byExpr\":[{\"type\":\"Categorical\",\"expression\":{\"HierarchyLevel\":{\"Expression\":{\"Hierarchy\":{\"Expression\":{\"PropertyVariationSource\":{\"Expression\":{\"SourceRef\":{\"Entity\":\"Calendar\"}},\"Name\":\"Variation\",\"Property\":\"Date\"}},\"Hierarchy\":\"Date Hierarchy\"}},\"Level\":\"Quarter\"}},\"howCreated\":0}]},\"singleVisual\":{\"visualType\":\"slicer\",\"objects\":{\"merge\":{\"data\":[{\"properties\":{\"mode\":{\"expr\":{\"Literal\":{\"Value\":\"'Basic'\"}}}}}]}},\"activeProjections\":{\"Values\":[{\"HierarchyLevel\":{\"Expression\":{\"Hierarchy\":{\"Expression\":{\"PropertyVariationSource\":{\"Expression\":{\"SourceRef\":{\"Entity\":\"Calendar\"}},\"Name\":\"Variation\",\"Property\":\"Date\"}},\"Hierarchy\":\"Date Hierarchy\"}},\"Level\":\"Quarter\"}}]}}},\"ff5f811f69d53d68bb50\":{\"filters\":{\"byExpr\":[{\"type\":\"Advanced\",\"expression\":{\"HierarchyLevel\":{\"Expression\":{\"Hierarchy\":{\"Expression\":{\"PropertyVariationSource\":{\"Expression\":{\"SourceRef\":{\"Entity\":\"Calendar\"}},\"Name\":\"Variation\",\"Property\":\"Date\"}},\"Hierarchy\":\"Date Hierarchy\"}},\"Level\":\"Year\"}},\"howCreated\":0}]},\"singleVisual\":{\"visualType\":\"slicer\",\"objects\":{\"merge\":{\"data\":[{\"properties\":{\"mode\":{\"expr\":{\"Literal\":{\"Value\":\"'Basic'\"}}}}}]}},\"activeProjections\":{\"Values\":[{\"HierarchyLevel\":{\"Expression\":{\"Hierarchy\":{\"Expression\":{\"PropertyVariationSource\":{\"Expression\":{\"SourceRef\":{\"Entity\":\"Calendar\"}},\"Name\":\"Variation\",\"Property\":\"Date\"}},\"Hierarchy\":\"Date Hierarchy\"}},\"Level\":\"Year\"}}]}}},\"dfe512a7dcc7d6b55d95\":{\"singleVisual\":{\"visualType\":\"shape\",\"objects\":{}}},\"3ba08caf449d401d390e\":{\"singleVisual\":{\"visualType\":\"actionButton\",\"objects\":{}}}},\"visualContainerGroups\":{\"7347282472b0c6c76140\":{\"isHidden\":true}}}},\"objects\":{\"merge\":{\"outspacePane\":[{\"properties\":{\"expanded\":{\"expr\":{\"Literal\":{\"Value\":\"false\"}}}}}]}}},\"options\":{\"targetVisualNames\":[],\"suppressData\":true}},{\"displayName\":\"clear slicer\",\"name\":\"5364926b5237410b6700\",\"explorationState\":{\"version\":\"1.3\",\"activeSection\":\"a5056e10d596296c415b\",\"sections\":{\"a5056e10d596296c415b\":{\"visualContainers\":{\"5cc578fbe625aca50dc6\":{\"filters\":{\"byExpr\":[{\"type\":\"Advanced\",\"expression\":{\"Measure\":{\"Expression\":{\"SourceRef\":{\"Entity\":\"Measure\"}},\"Property\":\"Total stocks\"}},\"howCreated\":0}]},\"singleVisual\":{\"visualType\":\"card\",\"objects\":{},\"orderBy\":[{\"Direction\":2,\"Expression\":{\"Measure\":{\"Expression\":{\"SourceRef\":{\"Entity\":\"Measure\"}},\"Property\":\"Total stocks\"}}}]}},\"340ab627eec0e565e75d\":{\"filters\":{\"byExpr\":[{\"type\":\"Advanced\",\"expression\":{\"Measure\":{\"Expression\":{\"SourceRef\":{\"Entity\":\"Measure\"}},\"Property\":\"Total customer\"}},\"howCreated\":0}]},\"singleVisual\":{\"visualType\":\"card\",\"objects\":{},\"orderBy\":[{\"Direction\":2,\"Expression\":{\"Measure\":{\"Expression\":{\"SourceRef\":{\"Entity\":\"Measure\"}},\"Property\":\"Total customer\"}}}]}},\"543df85f0110e31c2d09\":{\"filters\":{\"byExpr\":[{\"type\":\"Advanced\",\"expression\":{\"Measure\":{\"Expression\":{\"SourceRef\":{\"Entity\":\"Measure\"}},\"Property\":\"Total sales\"}},\"howCreated\":0}]},\"singleVisual\":{\"visualType\":\"card\",\"objects\":{},\"orderBy\":[{\"Direction\":2,\"Expression\":{\"Measure\":{\"Expression\":{\"SourceRef\":{\"Entity\":\"Measure\"}},\"Property\":\"Total sales\"}}}]}},\"08ec362b7c6dca932c87\":{\"filters\":{\"byExpr\":[{\"type\":\"Categorical\",\"expression\":{\"Column\":{\"Expression\":{\"SourceRef\":{\"Entity\":\"Country Details\"}},\"Property\":\"Country\"}},\"howCreated\":0},{\"type\":\"Advanced\",\"expression\":{\"Measure\":{\"Expression\":{\"SourceRef\":{\"Entity\":\"Measure\"}},\"Property\":\"Sales by Country\"}},\"howCreated\":0}]},\"singleVisual\":{\"visualType\":\"tableEx\",\"objects\":{}}},\"bd0f6a9058d1d6a9101a\":{\"filters\":{\"byExpr\":[{\"type\":\"Advanced\",\"expression\":{\"Measure\":{\"Expression\":{\"SourceRef\":{\"Entity\":\"Measure\"}},\"Property\":\"Order quantity\"}},\"howCreated\":0}]},\"singleVisual\":{\"visualType\":\"card\",\"objects\":{},\"orderBy\":[{\"Direction\":2,\"Expression\":{\"Measure\":{\"Expression\":{\"SourceRef\":{\"Entity\":\"Measure\"}},\"Property\":\"Order quantity\"}}}]}},\"c5f56704b64b11a1d0d0\":{\"filters\":{\"byExpr\":[{\"type\":\"Categorical\",\"expression\":{\"HierarchyLevel\":{\"Expression\":{\"Hierarchy\":{\"Expression\":{\"PropertyVariationSource\":{\"Expression\":{\"SourceRef\":{\"Entity\":\"Calendar\"}},\"Name\":\"Variation\",\"Property\":\"Date\"}},\"Hierarchy\":\"Date Hierarchy\"}},\"Level\":\"Month\"}},\"howCreated\":0},{\"type\":\"Advanced\",\"expression\":{\"Measure\":{\"Expression\":{\"SourceRef\":{\"Entity\":\"Measure\"}},\"Property\":\"Total sales\"}},\"howCreated\":0}]},\"singleVisual\":{\"visualType\":\"lineChart\",\"objects\":{},\"activeProjections\":{\"Category\":[{\"HierarchyLevel\":{\"Expression\":{\"Hierarchy\":{\"Expression\":{\"PropertyVariationSource\":{\"Expression\":{\"SourceRef\":{\"Entity\":\"Calendar\"}},\"Name\":\"Variation\",\"Property\":\"Date\"}},\"Hierarchy\":\"Date Hierarchy\"}},\"Level\":\"Month\"}}]}}},\"bc0248b58e3337cb1805\":{\"filters\":{\"byExpr\":[{\"type\":\"Categorical\",\"expression\":{\"HierarchyLevel\":{\"Expression\":{\"Hierarchy\":{\"Expression\":{\"PropertyVariationSource\":{\"Expression\":{\"SourceRef\":{\"Entity\":\"Calendar\"}},\"Name\":\"Variation\",\"Property\":\"Date\"}},\"Hierarchy\":\"Date Hierarchy\"}},\"Level\":\"Month\"}},\"howCreated\":0},{\"type\":\"Advanced\",\"expression\":{\"Measure\":{\"Expression\":{\"SourceRef\":{\"Entity\":\"Measure\"}},\"Property\":\"Sales in 2011\"}},\"howCreated\":0},{\"type\":\"Advanced\",\"expression\":{\"Measure\":{\"Expression\":{\"SourceRef\":{\"Entity\":\"Measure\"}},\"Property\":\"Sales in 2010\"}},\"howCreated\":0}]},\"singleVisual\":{\"visualType\":\"tableEx\",\"objects\":{},\"orderBy\":[{\"Direction\":1,\"Expression\":{\"HierarchyLevel\":{\"Expression\":{\"Hierarchy\":{\"Expression\":{\"PropertyVariationSource\":{\"Expression\":{\"SourceRef\":{\"Entity\":\"Calendar\"}},\"Name\":\"Variation\",\"Property\":\"Date\"}},\"Hierarchy\":\"Date Hierarchy\"}},\"Level\":\"Month\"}}}],\"display\":{\"mode\":\"hidden\"}}},\"901148fc82e100e1b097\":{\"singleVisual\":{\"visualType\":\"actionButton\",\"objects\":{}}},\"f695059d56060ce20233\":{\"singleVisual\":{\"visualType\":\"actionButton\",\"objects\":{}}},\"4289ecbd143d84ad06be\":{\"singleVisual\":{\"visualType\":\"shape\",\"objects\":{}}},\"8a1f460366e958ab3b00\":{\"singleVisual\":{\"visualType\":\"image\",\"objects\":{}}},\"b5f2a102aaee541b460b\":{\"singleVisual\":{\"visualType\":\"textbox\",\"objects\":{}}},\"e7ef0e556b0de601c05b\":{\"singleVisual\":{\"visualType\":\"actionButton\",\"objects\":{}}},\"4bcc3f00ebbd2890a037\":{\"singleVisual\":{\"visualType\":\"actionButton\",\"objects\":{}}},\"cc86c4b8113d891babb1\":{\"singleVisual\":{\"visualType\":\"actionButton\",\"objects\":{}}},\"c7bdf02724b26432c897\":{\"filters\":{\"byExpr\":[{\"type\":\"Advanced\",\"expression\":{\"Column\":{\"Expression\":{\"SourceRef\":{\"Entity\":\"Parameter\"}},\"Property\":\"Parameter\"}},\"howCreated\":0}]},\"singleVisual\":{\"visualType\":\"slicer\",\"objects\":{\"merge\":{\"general\":[{\"properties\":{\"filter\":{\"filter\":{\"Version\":2,\"From\":[{\"Name\":\"p\",\"Entity\":\"Parameter\",\"Type\":0}],\"Where\":[{\"Condition\":{\"Comparison\":{\"ComparisonKind\":0,\"Left\":{\"Column\":{\"Expression\":{\"SourceRef\":{\"Source\":\"p\"}},\"Property\":\"Parameter\"}},\"Right\":{\"Literal\":{\"Value\":\"10D\"}}}}}]}}}}],\"data\":[{\"properties\":{\"numericStart\":{\"expr\":{\"Literal\":{\"Value\":\"10D\"}}},\"mode\":{\"expr\":{\"Literal\":{\"Value\":\"'Single'\"}}}}}]}},\"activeProjections\":{\"Values\":[{\"Column\":{\"Expression\":{\"SourceRef\":{\"Entity\":\"Parameter\"}},\"Property\":\"Parameter\"}}]}}},\"1fee1bf1b8a213694a74\":{\"filters\":{\"byExpr\":[{\"type\":\"Categorical\",\"expression\":{\"HierarchyLevel\":{\"Expression\":{\"Hierarchy\":{\"Expression\":{\"PropertyVariationSource\":{\"Expression\":{\"SourceRef\":{\"Entity\":\"Calendar\"}},\"Name\":\"Variation\",\"Property\":\"Date\"}},\"Hierarchy\":\"Date Hierarchy\"}},\"Level\":\"Quarter\"}},\"howCreated\":0}]},\"singleVisual\":{\"visualType\":\"slicer\",\"objects\":{\"merge\":{\"data\":[{\"properties\":{\"mode\":{\"expr\":{\"Literal\":{\"Value\":\"'Basic'\"}}}}}]}},\"activeProjections\":{\"Values\":[{\"HierarchyLevel\":{\"Expression\":{\"Hierarchy\":{\"Expression\":{\"PropertyVariationSource\":{\"Expression\":{\"SourceRef\":{\"Entity\":\"Calendar\"}},\"Name\":\"Variation\",\"Property\":\"Date\"}},\"Hierarchy\":\"Date Hierarchy\"}},\"Level\":\"Quarter\"}}]}}},\"ff5f811f69d53d68bb50\":{\"filters\":{\"byExpr\":[{\"type\":\"Advanced\",\"expression\":{\"HierarchyLevel\":{\"Expression\":{\"Hierarchy\":{\"Expression\":{\"PropertyVariationSource\":{\"Expression\":{\"SourceRef\":{\"Entity\":\"Calendar\"}},\"Name\":\"Variation\",\"Property\":\"Date\"}},\"Hierarchy\":\"Date Hierarchy\"}},\"Level\":\"Year\"}},\"howCreated\":0}]},\"singleVisual\":{\"visualType\":\"slicer\",\"objects\":{\"merge\":{\"data\":[{\"properties\":{\"mode\":{\"expr\":{\"Literal\":{\"Value\":\"'Basic'\"}}}}}]}},\"activeProjections\":{\"Values\":[{\"HierarchyLevel\":{\"Expression\":{\"Hierarchy\":{\"Expression\":{\"PropertyVariationSource\":{\"Expression\":{\"SourceRef\":{\"Entity\":\"Calendar\"}},\"Name\":\"Variation\",\"Property\":\"Date\"}},\"Hierarchy\":\"Date Hierarchy\"}},\"Level\":\"Year\"}}]}}},\"dfe512a7dcc7d6b55d95\":{\"singleVisual\":{\"visualType\":\"shape\",\"objects\":{}}},\"3ba08caf449d401d390e\":{\"singleVisual\":{\"visualType\":\"actionButton\",\"objects\":{}}},\"b67499ee2d00c20e4d55\":{\"filters\":{\"byExpr\":[{\"type\":\"Categorical\",\"expression\":{\"Column\":{\"Expression\":{\"SourceRef\":{\"Entity\":\"Calendar\"}},\"Property\":\"Time period\"}},\"howCreated\":0},{\"type\":\"Advanced\",\"expression\":{\"Measure\":{\"Expression\":{\"SourceRef\":{\"Entity\":\"Measure\"}},\"Property\":\"Order quantity\"}},\"howCreated\":0},{\"type\":\"Advanced\",\"expression\":{\"Measure\":{\"Expression\":{\"SourceRef\":{\"Entity\":\"Measure\"}},\"Property\":\"Total sales\"}},\"howCreated\":0}]},\"singleVisual\":{\"visualType\":\"pieChart\",\"objects\":{},\"activeProjections\":{\"Category\":[{\"Column\":{\"Expression\":{\"SourceRef\":{\"Entity\":\"Calendar\"}},\"Property\":\"Time period\"}}]}}},\"b1b7638ae2d79de68a6e\":{\"filters\":{\"byExpr\":[{\"type\":\"Advanced\",\"expression\":{\"Measure\":{\"Expression\":{\"SourceRef\":{\"Entity\":\"Measure\"}},\"Property\":\"Mentioned\"}},\"howCreated\":0},{\"type\":\"Advanced\",\"expression\":{\"Measure\":{\"Expression\":{\"SourceRef\":{\"Entity\":\"Measure\"}},\"Property\":\"Not mentioned\"}},\"howCreated\":0},{\"type\":\"Advanced\",\"expression\":{\"Measure\":{\"Expression\":{\"SourceRef\":{\"Entity\":\"Measure\"}},\"Property\":\"customer Not Mentioned\"}},\"howCreated\":0}]},\"singleVisual\":{\"visualType\":\"pieChart\",\"objects\":{}}}},\"visualContainerGroups\":{\"7347282472b0c6c76140\":{\"isHidden\":true}}}},\"objects\":{\"merge\":{\"outspacePane\":[{\"properties\":{\"expanded\":{\"expr\":{\"Literal\":{\"Value\":\"false\"}}}}}]}}},\"options\":{\"targetVisualNames\":[]}}],\"defaultDrillFilterOtherVisuals\":true,\"linguisticSchemaSyncVersion\":2,\"settings\":{\"useNewFilterPaneExperience\":true,\"allowChangeFilterTypes\":true,\"useStylableVisualContainerHeader\":true,\"queryLimitOption\":6,\"useEnhancedTooltips\":true,\"exportDataMode\":1,\"useDefaultAggregateDisplayName\":true},\"objects\":{\"section\":[{\"properties\":{\"verticalAlignment\":{\"expr\":{\"Literal\":{\"Value\":\"'Top'\"}}}}}],\"outspacePane\":[{\"properties\":{\"expanded\":{\"expr\":{\"Literal\":{\"Value\":\"false\"}}}}}]}}",
  "layoutOptimization": 0,
  "resourcePackages": [
    {
      "resourcePackage": {
        "disabled": false,
        "items": [
          {
            "name": "CY24SU06",
            "path": "BaseThemes/CY24SU06.json",
            "type": 202
          }
        ],
        "name": "SharedResources",
        "type": 2
      }
    },
    {
      "resourcePackage": {
        "disabled": false,
        "items": [
          {
            "name": "shopping-cart35297631413788344.png",
            "path": "shopping-cart35297631413788344.png",
            "type": 100
          }
        ],
        "name": "RegisteredResources",
        "type": 1
      }
    }
  ],
  "sections": [
    {
      "config": "{}",
      "displayName": "Sales Overview",
      "displayOption": 1,
      "filters": "[]",
      "height": 720.00,
      "name": "a5056e10d596296c415b",
      "visualContainers": [
        {
          "config": "{\"name\":\"08ec362b7c6dca932c87\",\"layouts\":[{\"id\":0,\"position\":{\"x\":835.2,\"y\":205.92000000000002,\"z\":3000,\"width\":429.12,\"height\":489.6,\"tabOrder\":4000}}],\"singleVisual\":{\"visualType\":\"tableEx\",\"projections\":{\"Values\":[{\"queryRef\":\"Country Details.Country\"},{\"queryRef\":\"Measure.Top 10 country\"}]},\"prototypeQuery\":{\"Version\":2,\"From\":[{\"Name\":\"c\",\"Entity\":\"Country Details\",\"Type\":0},{\"Name\":\"m\",\"Entity\":\"Measure\",\"Type\":0}],\"Select\":[{\"Column\":{\"Expression\":{\"SourceRef\":{\"Source\":\"c\"}},\"Property\":\"Country\"},\"Name\":\"Country Details.Country\",\"NativeReferenceName\":\"Top Countries\"},{\"Measure\":{\"Expression\":{\"SourceRef\":{\"Source\":\"m\"}},\"Property\":\"Sales by Country\"},\"Name\":\"Measure.Top 10 country\",\"NativeReferenceName\":\"Sales by Country\"}]},\"columnProperties\":{\"Country Details.Country\":{\"displayName\":\"Top Countries\"}},\"drillFilterOtherVisuals\":true,\"objects\":{\"grid\":[{\"properties\":{\"rowPadding\":{\"expr\":{\"Literal\":{\"Value\":\"3D\"}}},\"textSize\":{\"expr\":{\"Literal\":{\"Value\":\"16D\"}}}}}],\"values\":[{\"properties\":{\"fontSize\":{\"expr\":{\"Literal\":{\"Value\":\"18D\"}}}}},{\"properties\":{},\"selector\":{\"data\":[{\"dataViewWildcard\":{\"matchingOption\":1}}],\"metadata\":\"Country Details.Country\"}}],\"columnFormatting\":[{\"properties\":{},\"selector\":{\"metadata\":\"Measure.Top 10 country\"}}]},\"vcObjects\":{\"title\":[{\"properties\":{\"titleWrap\":{\"expr\":{\"Literal\":{\"Value\":\"true\"}}},\"show\":{\"expr\":{\"Literal\":{\"Value\":\"false\"}}},\"text\":{\"expr\":{\"Literal\":{\"Value\":\"'Sales by country'\"}}}}}],\"background\":[{\"properties\":{\"show\":{\"expr\":{\"Literal\":{\"Value\":\"true\"}}},\"transparency\":{\"expr\":{\"Literal\":{\"Value\":\"0D\"}}}}}],\"border\":[{\"properties\":{\"width\":{\"expr\":{\"Literal\":{\"Value\":\"1D\"}}},\"show\":{\"expr\":{\"Literal\":{\"Value\":\"true\"}}}}}]}}}",
          "filters": "[]",
          "height": 489.60,
          "width": 429.12,
          "x": 835.20,
          "y": 205.92,
          "z": 3000.00
        },
        {
          "config": "{\"name\":\"1fee1bf1b8a213694a74\",\"layouts\":[{\"id\":0,\"position\":{\"x\":125.16480000000003,\"y\":24.595199999999977,\"z\":2000,\"width\":372.96000000000004,\"height\":84.96000000000001,\"tabOrder\":4000}}],\"singleVisual\":{\"visualType\":\"slicer\",\"projections\":{\"Values\":[{\"queryRef\":\"Calendar.Date.Variation.Date Hierarchy.Quarter\",\"active\":true}]},\"prototypeQuery\":{\"Version\":2,\"From\":[{\"Name\":\"c\",\"Entity\":\"Calendar\",\"Type\":0}],\"Select\":[{\"HierarchyLevel\":{\"Expression\":{\"Hierarchy\":{\"Expression\":{\"PropertyVariationSource\":{\"Expression\":{\"SourceRef\":{\"Source\":\"c\"}},\"Name\":\"Variation\",\"Property\":\"Date\"}},\"Hierarchy\":\"Date Hierarchy\"}},\"Level\":\"Quarter\"},\"Name\":\"Calendar.Date.Variation.Date Hierarchy.Quarter\",\"NativeReferenceName\":\"Date Quarter\"}]},\"drillFilterOtherVisuals\":true,\"objects\":{\"data\":[{\"properties\":{\"mode\":{\"expr\":{\"Literal\":{\"Value\":\"'Basic'\"}}}}}],\"general\":[{\"properties\":{\"orientation\":{\"expr\":{\"Literal\":{\"Value\":\"1D\"}}}}}],\"header\":[{\"properties\":{\"textSize\":{\"expr\":{\"Literal\":{\"Value\":\"15D\"}}},\"show\":{\"expr\":{\"Literal\":{\"Value\":\"false\"}}}}}]},\"vcObjects\":{\"title\":[{\"properties\":{\"show\":{\"expr\":{\"Literal\":{\"Value\":\"true\"}}},\"text\":{\"expr\":{\"Literal\":{\"Value\":\"'Quater'\"}}}}}],\"background\":[{\"properties\":{\"transparency\":{\"expr\":{\"Literal\":{\"Value\":\"100D\"}}}}}],\"border\":[{\"properties\":{\"show\":{\"expr\":{\"Literal\":{\"Value\":\"false\"}}},\"color\":{\"solid\":{\"color\":{\"expr\":{\"ThemeDataColor\":{\"ColorId\":2,\"Percent\":0.6}}}}}}}]}},\"parentGroupName\":\"7347282472b0c6c76140\"}",
          "filters": "[]",
          "height": 84.96,
          "width": 372.96,
          "x": 125.16,
          "y": 24.60,
          "z": 2000.00
        },
        {
          "config": "{\"name\":\"340ab627eec0e565e75d\",\"layouts\":[{\"id\":0,\"position\":{\"x\":465.12,\"y\":15.84,\"z\":1000,\"width\":214.56,\"height\":99.36,\"tabOrder\":2000}}],\"singleVisual\":{\"visualType\":\"card\",\"projections\":{\"Values\":[{\"queryRef\":\"Measure.Total customer\"}]},\"prototypeQuery\":{\"Version\":2,\"From\":[{\"Name\":\"m\",\"Entity\":\"Measure\",\"Type\":0}],\"Select\":[{\"Measure\":{\"Expression\":{\"SourceRef\":{\"Source\":\"m\"}},\"Property\":\"Total customer\"},\"Name\":\"Measure.Total customer\",\"NativeReferenceName\":\"Total Customer\"}],\"OrderBy\":[{\"Direction\":2,\"Expression\":{\"Measure\":{\"Expression\":{\"SourceRef\":{\"Source\":\"m\"}},\"Property\":\"Total customer\"}}}]},\"columnProperties\":{\"Measure.Total customer\":{\"displayName\":\"Total Customer\"}},\"drillFilterOtherVisuals\":true,\"hasDefaultSort\":true,\"objects\":{\"labels\":[{\"properties\":{\"fontSize\":{\"expr\":{\"Literal\":{\"Value\":\"33D\"}}}}}],\"categoryLabels\":[{\"properties\":{\"color\":{\"solid\":{\"color\":{\"expr\":{\"ThemeDataColor\":{\"ColorId\":1,\"Percent\":0}}}}}}}]},\"vcObjects\":{\"title\":[{\"properties\":{\"titleWrap\":{\"expr\":{\"Literal\":{\"Value\":\"true\"}}}}}],\"background\":[{\"properties\":{\"show\":{\"expr\":{\"Literal\":{\"Value\":\"true\"}}},\"transparency\":{\"expr\":{\"Literal\":{\"Value\":\"0D\"}}}}}],\"border\":[{\"properties\":{\"width\":{\"expr\":{\"Literal\":{\"Value\":\"1D\"}}},\"show\":{\"expr\":{\"Literal\":{\"Value\":\"true\"}}}}}]}}}",
          "filters": "[]",
          "height": 99.36,
          "width": 214.56,
          "x": 465.12,
          "y": 15.84,
          "z": 1000.00
        },
        {
          "config": "{\"name\":\"3ba08caf449d401d390e\",\"layouts\":[{\"id\":0,\"position\":{\"x\":344.16,\"y\":164.16000000000003,\"z\":5000,\"width\":139.68,\"height\":47.52,\"tabOrder\":5000}}],\"singleVisual\":{\"visualType\":\"actionButton\",\"drillFilterOtherVisuals\":true,\"objects\":{\"icon\":[{\"properties\":{\"shapeType\":{\"expr\":{\"Literal\":{\"Value\":\"'blank'\"}}}},\"selector\":{\"id\":\"default\"}}],\"text\":[{\"properties\":{\"show\":{\"expr\":{\"Literal\":{\"Value\":\"true\"}}}}},{\"properties\":{\"text\":{\"expr\":{\"Literal\":{\"Value\":\"'Close'\"}}},\"fontSize\":{\"expr\":{\"Literal\":{\"Value\":\"13D\"}}},\"fontColor\":{\"solid\":{\"color\":{\"expr\":{\"ThemeDataColor\":{\"ColorId\":1,\"Percent\":0}}}}}},\"selector\":{\"id\":\"default\"}}],\"fill\":[{\"properties\":{\"show\":{\"expr\":{\"Literal\":{\"Value\":\"false\"}}}}}],\"outline\":[{\"properties\":{\"show\":{\"expr\":{\"Literal\":{\"Value\":\"false\"}}}}}]},\"vcObjects\":{\"background\":[{\"properties\":{\"show\":{\"expr\":{\"Literal\":{\"Value\":\"false\"}}},\"transparency\":{\"expr\":{\"Literal\":{\"Value\":\"0D\"}}}}}],\"title\":[{\"properties\":{\"titleWrap\":{\"expr\":{\"Literal\":{\"Value\":\"true\"}}}}}],\"border\":[{\"properties\":{\"width\":{\"expr\":{\"Literal\":{\"Value\":\"1D\"}}}}}],\"visualHeader\":[{\"properties\":{\"show\":{\"expr\":{\"Literal\":{\"Value\":\"false\"}}}}}],\"visualLink\":[{\"properties\":{\"show\":{\"expr\":{\"Literal\":{\"Value\":\"true\"}}},\"type\":{\"expr\":{\"Literal\":{\"Value\":\"'Bookmark'\"}}},\"bookmark\":{\"expr\":{\"Literal\":{\"Value\":\"'ca3d5ae6ce273d426b6e'\"}}}}}]}},\"parentGroupName\":\"7347282472b0c6c76140\",\"howCreated\":\"InsertVisualButton\"}",
          "filters": "[]",
          "height": 47.52,
          "width": 139.68,
          "x": 344.16,
          "y": 164.16,
          "z": 5000.00
        },
        {
          "config": "{\"name\":\"4289ecbd143d84ad06be\",\"layouts\":[{\"id\":0,\"position\":{\"x\":10.08,\"y\":15.84,\"z\":9000,\"width\":214.56,\"height\":99.36,\"tabOrder\":10000}}],\"singleVisual\":{\"visualType\":\"shape\",\"drillFilterOtherVisuals\":true,\"objects\":{\"shape\":[{\"properties\":{\"tileShape\":{\"expr\":{\"Literal\":{\"Value\":\"'rectangle'\"}}}}}],\"rotation\":[{\"properties\":{\"shapeAngle\":{\"expr\":{\"Literal\":{\"Value\":\"0L\"}}}}}],\"fill\":[{\"properties\":{\"fillColor\":{\"solid\":{\"color\":{\"expr\":{\"ThemeDataColor\":{\"ColorId\":0,\"Percent\":0}}}}}},\"selector\":{\"id\":\"default\"}}],\"outline\":[{\"properties\":{\"lineColor\":{\"solid\":{\"color\":{\"expr\":{\"ThemeDataColor\":{\"ColorId\":1,\"Percent\":0}}}}}},\"selector\":{\"id\":\"default\"}}]},\"vcObjects\":{\"border\":[{\"properties\":{\"show\":{\"expr\":{\"Literal\":{\"Value\":\"false\"}}}}}]}},\"howCreated\":\"InsertVisualButton\"}",
          "filters": "[]",
          "height": 99.36,
          "width": 214.56,
          "x": 10.08,
          "y": 15.84,
          "z": 9000.00
        },
        {
          "config": "{\"name\":\"4bcc3f00ebbd2890a037\",\"layouts\":[{\"id\":0,\"position\":{\"x\":1143.3600000000001,\"y\":15.84,\"z\":13000,\"width\":120.96000000000001,\"height\":48,\"tabOrder\":14000}}],\"singleVisual\":{\"visualType\":\"actionButton\",\"drillFilterOtherVisuals\":true,\"objects\":{\"icon\":[{\"properties\":{\"shapeType\":{\"expr\":{\"Literal\":{\"Value\":\"'blank'\"}}}},\"selector\":{\"id\":\"default\"}}],\"shape\":[{\"properties\":{\"tileShape\":{\"expr\":{\"Literal\":{\"Value\":\"'rectangleRounded'\"}}}},\"selector\":{\"id\":\"default\"}}],\"text\":[{\"properties\":{\"show\":{\"expr\":{\"Literal\":{\"Value\":\"true\"}}}}},{\"properties\":{\"text\":{\"expr\":{\"Literal\":{\"Value\":\"'Filter'\"}}},\"fontColor\":{\"solid\":{\"color\":{\"expr\":{\"ThemeDataColor\":{\"ColorId\":1,\"Percent\":0}}}}},\"fontSize\":{\"expr\":{\"Literal\":{\"Value\":\"13D\"}}}},\"selector\":{\"id\":\"default\"}}]},\"vcObjects\":{\"visualLink\":[{\"properties\":{\"show\":{\"expr\":{\"Literal\":{\"Value\":\"true\"}}},\"type\":{\"expr\":{\"Literal\":{\"Value\":\"'Bookmark'\"}}},\"bookmark\":{\"expr\":{\"Literal\":{\"Value\":\"'a4dddfba540ba037cd1b'\"}}}}}]}},\"howCreated\":\"InsertVisualButton\"}",
          "filters": "[]",
          "height": 48.00,
          "width": 120.96,
          "x": 1143.36,
          "y": 15.84,
          "z": 13000.00
        },
        {
          "config": "{\"name\":\"543df85f0110e31c2d09\",\"layouts\":[{\"id\":0,\"position\":{\"x\":917.2800000000001,\"y\":15.84,\"z\":2000,\"width\":214.56,\"height\":99.36,\"tabOrder\":0}}],\"singleVisual\":{\"visualType\":\"card\",\"projections\":{\"Values\":[{\"queryRef\":\"Measure.Total sales\"}]},\"prototypeQuery\":{\"Version\":2,\"From\":[{\"Name\":\"m\",\"Entity\":\"Measure\",\"Type\":0}],\"Select\":[{\"Measure\":{\"Expression\":{\"SourceRef\":{\"Source\":\"m\"}},\"Property\":\"Total sales\"},\"Name\":\"Measure.Total sales\",\"NativeReferenceName\":\"Total Sales\"}],\"OrderBy\":[{\"Direction\":2,\"Expression\":{\"Measure\":{\"Expression\":{\"SourceRef\":{\"Source\":\"m\"}},\"Property\":\"Total sales\"}}}]},\"columnProperties\":{\"Measure.Total sales\":{\"displayName\":\"Total Sales\"}},\"drillFilterOtherVisuals\":true,\"hasDefaultSort\":true,\"objects\":{\"labels\":[{\"properties\":{\"fontSize\":{\"expr\":{\"Literal\":{\"Value\":\"33D\"}}}}}],\"categoryLabels\":[{\"properties\":{\"color\":{\"solid\":{\"color\":{\"expr\":{\"ThemeDataColor\":{\"ColorId\":1,\"Percent\":0}}}}}}}]},\"vcObjects\":{\"border\":[{\"properties\":{\"show\":{\"expr\":{\"Literal\":{\"Value\":\"true\"}}},\"width\":{\"expr\":{\"Literal\":{\"Value\":\"1D\"}}}}}],\"title\":[{\"properties\":{\"titleWrap\":{\"expr\":{\"Literal\":{\"Value\":\"true\"}}}}}],\"background\":[{\"properties\":{\"show\":{\"expr\":{\"Literal\":{\"Value\":\"true\"}}},\"transparency\":{\"expr\":{\"Literal\":{\"Value\":\"0D\"}}}}}]}}}",
          "filters": "[]",
          "height": 99.36,
          "width": 214.56,
          "x": 917.28,
          "y": 15.84,
          "z": 2000.00
        },
        {
          "config": "{\"name\":\"5cc578fbe625aca50dc6\",\"layouts\":[{\"id\":0,\"position\":{\"x\":237.6,\"y\":15.84,\"z\":0,\"width\":214.56,\"height\":99.36,\"tabOrder\":1000}}],\"singleVisual\":{\"visualType\":\"card\",\"projections\":{\"Values\":[{\"queryRef\":\"Measure.Total stocks\"}]},\"prototypeQuery\":{\"Version\":2,\"From\":[{\"Name\":\"m\",\"Entity\":\"Measure\",\"Type\":0}],\"Select\":[{\"Measure\":{\"Expression\":{\"SourceRef\":{\"Source\":\"m\"}},\"Property\":\"Total stocks\"},\"Name\":\"Measure.Total stocks\",\"NativeReferenceName\":\"Total Stocks\"}],\"OrderBy\":[{\"Direction\":2,\"Expression\":{\"Measure\":{\"Expression\":{\"SourceRef\":{\"Source\":\"m\"}},\"Property\":\"Total stocks\"}}}]},\"columnProperties\":{\"Measure.Total stocks\":{\"displayName\":\"Total Stocks\"}},\"drillFilterOtherVisuals\":true,\"hasDefaultSort\":true,\"objects\":{\"labels\":[{\"properties\":{\"fontSize\":{\"expr\":{\"Literal\":{\"Value\":\"33D\"}}}}}],\"categoryLabels\":[{\"properties\":{\"color\":{\"solid\":{\"color\":{\"expr\":{\"ThemeDataColor\":{\"ColorId\":1,\"Percent\":0}}}}}}}]},\"vcObjects\":{\"border\":[{\"properties\":{\"show\":{\"expr\":{\"Literal\":{\"Value\":\"true\"}}},\"width\":{\"expr\":{\"Literal\":{\"Value\":\"1D\"}}}}}],\"title\":[{\"properties\":{\"titleWrap\":{\"expr\":{\"Literal\":{\"Value\":\"true\"}}}}}],\"background\":[{\"properties\":{\"show\":{\"expr\":{\"Literal\":{\"Value\":\"true\"}}},\"transparency\":{\"expr\":{\"Literal\":{\"Value\":\"0D\"}}}}}]}}}",
          "filters": "[]",
          "height": 99.36,
          "width": 214.56,
          "x": 237.60,
          "y": 15.84,
          "z": 0.00
        },
        {
          "config": "{\"name\":\"7347282472b0c6c76140\",\"layouts\":[{\"id\":0,\"position\":{\"x\":617.76,\"y\":0,\"z\":15000,\"width\":511.20000000000005,\"height\":231.84,\"tabOrder\":5000}}],\"singleVisualGroup\":{\"displayName\":\"Filter group\",\"groupMode\":0,\"isHidden\":true,\"objects\":{\"background\":[{\"properties\":{\"show\":{\"expr\":{\"Literal\":{\"Value\":\"false\"}}},\"color\":{\"solid\":{\"color\":{\"expr\":{\"ThemeDataColor\":{\"ColorId\":2,\"Percent\":0.6}}}}},\"transparency\":{\"expr\":{\"Literal\":{\"Value\":\"0D\"}}}}}]}}}",
          "height": 231.84,
          "width": 511.20,
          "x": 617.76,
          "y": 0.00,
          "z": 15000.00
        },
        {
          "config": "{\"name\":\"8a1f460366e958ab3b00\",\"layouts\":[{\"id\":0,\"position\":{\"x\":10.08,\"y\":36,\"z\":10000,\"width\":66.24000000000001,\"height\":59.04,\"tabOrder\":11000}}],\"singleVisual\":{\"visualType\":\"image\",\"drillFilterOtherVisuals\":true,\"objects\":{\"general\":[{\"properties\":{\"imageUrl\":{\"expr\":{\"ResourcePackageItem\":{\"PackageName\":\"RegisteredResources\",\"PackageType\":1,\"ItemName\":\"shopping-cart35297631413788344.png\"}}}}}]}},\"howCreated\":\"InsertVisualButton\"}",
          "filters": "[]",
          "height": 59.04,
          "width": 66.24,
          "x": 10.08,
          "y": 36.00,
          "z": 10000.00
        },
        {
          "config": "{\"name\":\"901148fc82e100e1b097\",\"layouts\":[{\"id\":0,\"position\":{\"x\":835.2,\"y\":136.8,\"z\":7000,\"width\":207,\"height\":59.04,\"tabOrder\":8000}}],\"singleVisual\":{\"visualType\":\"actionButton\",\"drillFilterOtherVisuals\":true,\"objects\":{\"icon\":[{\"properties\":{\"shapeType\":{\"expr\":{\"Literal\":{\"Value\":\"'blank'\"}}}},\"selector\":{\"id\":\"default\"}}],\"text\":[{\"properties\":{\"show\":{\"expr\":{\"Literal\":{\"Value\":\"true\"}}}}},{\"properties\":{\"text\":{\"expr\":{\"Literal\":{\"Value\":\"'Sales by Month'\"}}},\"fontColor\":{\"solid\":{\"color\":{\"expr\":{\"ThemeDataColor\":{\"ColorId\":1,\"Percent\":0}}}}},\"fontSize\":{\"expr\":{\"Literal\":{\"Value\":\"18D\"}}}},\"selector\":{\"id\":\"default\"}}]},\"vcObjects\":{\"visualLink\":[{\"properties\":{\"show\":{\"expr\":{\"Literal\":{\"Value\":\"true\"}}},\"type\":{\"expr\":{\"Literal\":{\"Value\":\"'Bookmark'\"}}},\"bookmark\":{\"expr\":{\"Literal\":{\"Value\":\"'c3b02d9c636ea2e3e91c'\"}}}}}]}},\"howCreated\":\"InsertVisualButton\"}",
          "filters": "[]",
          "height": 59.04,
          "width": 207.00,
          "x": 835.20,
          "y": 136.80,
          "z": 7000.00
        },
        {
          "config": "{\"name\":\"b1b7638ae2d79de68a6e\",\"layouts\":[{\"id\":0,\"position\":{\"x\":469.44,\"y\":396,\"z\":16000,\"width\":338.40000000000003,\"height\":299.52000000000004,\"tabOrder\":15000}}],\"singleVisual\":{\"visualType\":\"pieChart\",\"projections\":{\"Y\":[{\"queryRef\":\"Measure.Mentioned\"},{\"queryRef\":\"Measure.customer not mentioned\"}]},\"prototypeQuery\":{\"Version\":2,\"From\":[{\"Name\":\"m\",\"Entity\":\"Measure\",\"Type\":0}],\"Select\":[{\"Measure\":{\"Expression\":{\"SourceRef\":{\"Source\":\"m\"}},\"Property\":\"Not mentioned\"},\"Name\":\"Measure.customer not mentioned\",\"NativeReferenceName\":\"Not mentioned\"},{\"Measure\":{\"Expression\":{\"SourceRef\":{\"Source\":\"m\"}},\"Property\":\"Mentioned\"},\"Name\":\"Measure.Mentioned\",\"NativeReferenceName\":\"Mentioned\"}]},\"drillFilterOtherVisuals\":true,\"hasDefaultSort\":true,\"objects\":{\"labels\":[{\"properties\":{\"color\":{\"solid\":{\"color\":{\"expr\":{\"ThemeDataColor\":{\"ColorId\":1,\"Percent\":0}}}}},\"fontSize\":{\"expr\":{\"Literal\":{\"Value\":\"10D\"}}}}}],\"legend\":[{\"properties\":{\"labelColor\":{\"solid\":{\"color\":{\"expr\":{\"ThemeDataColor\":{\"ColorId\":1,\"Percent\":0}}}}},\"fontSize\":{\"expr\":{\"Literal\":{\"Value\":\"8D\"}}},\"show\":{\"expr\":{\"Literal\":{\"Value\":\"true\"}}},\"titleText\":{\"expr\":{\"Literal\":{\"Value\":\"'Customer ID'\"}}}}}]},\"vcObjects\":{\"title\":[{\"properties\":{\"text\":{\"expr\":{\"Literal\":{\"Value\":\"'Sales by customer'\"}}}}}],\"border\":[{\"properties\":{\"show\":{\"expr\":{\"Literal\":{\"Value\":\"true\"}}}}}],\"visualTooltip\":[{\"properties\":{\"show\":{\"expr\":{\"Literal\":{\"Value\":\"true\"}}},\"section\":{\"expr\":{\"Literal\":{\"Value\":\"'___AUTO___'\"}}}}}]}}}",
          "filters": "[]",
          "height": 299.52,
          "width": 338.40,
          "x": 469.44,
          "y": 396.00,
          "z": 16000.00
        },
        {
          "config": "{\"name\":\"b5f2a102aaee541b460b\",\"layouts\":[{\"id\":0,\"position\":{\"x\":72,\"y\":36,\"z\":11000,\"width\":152.64000000000001,\"height\":69.12,\"tabOrder\":12000}}],\"singleVisual\":{\"visualType\":\"textbox\",\"drillFilterOtherVisuals\":true,\"objects\":{\"general\":[{\"properties\":{\"paragraphs\":[{\"textRuns\":[{\"value\":\"Online Retail\",\"textStyle\":{\"fontFamily\":\"Segoe (Bold)\",\"fontSize\":\"14pt\"}}],\"horizontalTextAlignment\":\"center\"},{\"textRuns\":[{\"value\":\" Service\",\"textStyle\":{\"fontFamily\":\"Segoe (Bold)\",\"fontSize\":\"14pt\"}}],\"horizontalTextAlignment\":\"center\"}]}}]},\"vcObjects\":{\"background\":[{\"properties\":{\"show\":{\"expr\":{\"Literal\":{\"Value\":\"true\"}}},\"transparency\":{\"expr\":{\"Literal\":{\"Value\":\"100D\"}}}}}]}}}",
          "filters": "[]",
          "height": 69.12,
          "width": 152.64,
          "x": 72.00,
          "y": 36.00,
          "z": 11000.00
        },
        {
          "config": "{\"name\":\"b67499ee2d00c20e4d55\",\"layouts\":[{\"id\":0,\"position\":{\"x\":469.44,\"y\":136.8,\"z\":14000,\"width\":338.40000000000003,\"height\":239.04000000000002,\"tabOrder\":16000}}],\"singleVisual\":{\"visualType\":\"pieChart\",\"projections\":{\"Category\":[{\"queryRef\":\"Calendar.Time period\",\"active\":true}],\"Y\":[{\"queryRef\":\"Measure.Order quantity\"}],\"Tooltips\":[{\"queryRef\":\"Measure.Total sales\"}]},\"prototypeQuery\":{\"Version\":2,\"From\":[{\"Name\":\"c\",\"Entity\":\"Calendar\",\"Type\":0},{\"Name\":\"m\",\"Entity\":\"Measure\",\"Type\":0}],\"Select\":[{\"Column\":{\"Expression\":{\"SourceRef\":{\"Source\":\"c\"}},\"Property\":\"Time period\"},\"Name\":\"Calendar.Time period\",\"NativeReferenceName\":\"Time period\"},{\"Measure\":{\"Expression\":{\"SourceRef\":{\"Source\":\"m\"}},\"Property\":\"Order quantity\"},\"Name\":\"Measure.Order quantity\",\"NativeReferenceName\":\"Order quantity\"},{\"Measure\":{\"Expression\":{\"SourceRef\":{\"Source\":\"m\"}},\"Property\":\"Total sales\"},\"Name\":\"Measure.Total sales\",\"NativeReferenceName\":\"Total sales\"}]},\"drillFilterOtherVisuals\":true,\"objects\":{\"labels\":[{\"properties\":{\"show\":{\"expr\":{\"Literal\":{\"Value\":\"true\"}}},\"fontSize\":{\"expr\":{\"Literal\":{\"Value\":\"10D\"}}},\"labelDisplayUnits\":{\"expr\":{\"Literal\":{\"Value\":\"0D\"}}}}},{\"properties\":{\"color\":{\"solid\":{\"color\":{\"expr\":{\"ThemeDataColor\":{\"ColorId\":1,\"Percent\":0}}}}}},\"selector\":{\"data\":[{\"dataViewWildcard\":{\"matchingOption\":1}}]}}]},\"vcObjects\":{\"title\":[{\"properties\":{\"show\":{\"expr\":{\"Literal\":{\"Value\":\"true\"}}},\"text\":{\"expr\":{\"Literal\":{\"Value\":\"'Sales By Time period'\"}}}}}],\"border\":[{\"properties\":{\"show\":{\"expr\":{\"Literal\":{\"Value\":\"true\"}}}}}]}}}",
          "filters": "[]",
          "height": 239.04,
          "width": 338.40,
          "x": 469.44,
          "y": 136.80,
          "z": 14000.00
        },
        {
          "config": "{\"name\":\"b8b5060d4411887b19b7\",\"layouts\":[{\"id\":0,\"position\":{\"x\":10.08,\"y\":396,\"width\":442.08000000000004,\"height\":299.52,\"z\":17000,\"tabOrder\":17000}}],\"singleVisual\":{\"visualType\":\"columnChart\",\"projections\":{\"Category\":[{\"queryRef\":\"Country Details.Country\",\"active\":true}],\"Y\":[{\"queryRef\":\"Measure.Country sales\"}]},\"prototypeQuery\":{\"Version\":2,\"From\":[{\"Name\":\"m\",\"Entity\":\"Measure\",\"Type\":0},{\"Name\":\"c\",\"Entity\":\"Country Details\",\"Type\":0}],\"Select\":[{\"Column\":{\"Expression\":{\"SourceRef\":{\"Source\":\"c\"}},\"Property\":\"Country\"},\"Name\":\"Country Details.Country\",\"NativeReferenceName\":\"Country\"},{\"Measure\":{\"Expression\":{\"SourceRef\":{\"Source\":\"m\"}},\"Property\":\"Invoices\"},\"Name\":\"Measure.Country sales\",\"NativeReferenceName\":\"Total Invoices\"}]},\"columnProperties\":{\"Measure.Country sales\":{\"displayName\":\"Total Invoices\"}},\"drillFilterOtherVisuals\":true,\"objects\":{\"labels\":[{\"properties\":{\"show\":{\"expr\":{\"Literal\":{\"Value\":\"true\"}}}}}]},\"vcObjects\":{\"title\":[{\"properties\":{\"titleWrap\":{\"expr\":{\"Literal\":{\"Value\":\"true\"}}}}}],\"background\":[{\"properties\":{\"show\":{\"expr\":{\"Literal\":{\"Value\":\"true\"}}},\"transparency\":{\"expr\":{\"Literal\":{\"Value\":\"0D\"}}}}}],\"border\":[{\"properties\":{\"show\":{\"expr\":{\"Literal\":{\"Value\":\"true\"}}},\"width\":{\"expr\":{\"Literal\":{\"Value\":\"1D\"}}}}}],\"visualTooltip\":[{\"properties\":{\"section\":{\"expr\":{\"Literal\":{\"Value\":\"'c7c5c3f0b4d6e0606610'\"}}}}}]}}}",
          "filters": "[]",
          "height": 299.52,
          "width": 442.08,
          "x": 10.08,
          "y": 396.00,
          "z": 17000.00
        },
        {
          "config": "{\"name\":\"bc0248b58e3337cb1805\",\"layouts\":[{\"id\":0,\"position\":{\"x\":820.5586592178771,\"y\":205.58659217877096,\"z\":6000,\"width\":443.3519553072626,\"height\":491.6201117318436,\"tabOrder\":7000}}],\"singleVisual\":{\"visualType\":\"tableEx\",\"projections\":{\"Values\":[{\"queryRef\":\"Calendar.Date.Variation.Date Hierarchy.Month\"},{\"queryRef\":\"Measure.Measure\"},{\"queryRef\":\"Measure.sales in 2011\"}]},\"prototypeQuery\":{\"Version\":2,\"From\":[{\"Name\":\"c\",\"Entity\":\"Calendar\",\"Type\":0},{\"Name\":\"m\",\"Entity\":\"Measure\",\"Type\":0}],\"Select\":[{\"HierarchyLevel\":{\"Expression\":{\"Hierarchy\":{\"Expression\":{\"PropertyVariationSource\":{\"Expression\":{\"SourceRef\":{\"Source\":\"c\"}},\"Name\":\"Variation\",\"Property\":\"Date\"}},\"Hierarchy\":\"Date Hierarchy\"}},\"Level\":\"Month\"},\"Name\":\"Calendar.Date.Variation.Date Hierarchy.Month\",\"NativeReferenceName\":\"Date Month\"},{\"Measure\":{\"Expression\":{\"SourceRef\":{\"Source\":\"m\"}},\"Property\":\"Sales in 2011\"},\"Name\":\"Measure.sales in 2011\",\"NativeReferenceName\":\"Sales in 2011\"},{\"Measure\":{\"Expression\":{\"SourceRef\":{\"Source\":\"m\"}},\"Property\":\"Sales in 2010\"},\"Name\":\"Measure.Measure\",\"NativeReferenceName\":\"Sales in 2010\"}],\"OrderBy\":[{\"Direction\":1,\"Expression\":{\"HierarchyLevel\":{\"Expression\":{\"Hierarchy\":{\"Expression\":{\"PropertyVariationSource\":{\"Expression\":{\"SourceRef\":{\"Source\":\"c\"}},\"Name\":\"Variation\",\"Property\":\"Date\"}},\"Hierarchy\":\"Date Hierarchy\"}},\"Level\":\"Month\"}}}]},\"display\":{\"mode\":\"hidden\"},\"drillFilterOtherVisuals\":true,\"objects\":{\"grid\":[{\"properties\":{\"textSize\":{\"expr\":{\"Literal\":{\"Value\":\"14D\"}}},\"rowPadding\":{\"expr\":{\"Literal\":{\"Value\":\"3D\"}}}}}]},\"vcObjects\":{\"title\":[{\"properties\":{\"text\":{\"expr\":{\"Literal\":{\"Value\":\"'Sales by month'\"}}}}}],\"border\":[{\"properties\":{\"show\":{\"expr\":{\"Literal\":{\"Value\":\"true\"}}}}}]}}}",
          "filters": "[]",
          "height": 491.62,
          "width": 443.35,
          "x": 820.56,
          "y": 205.59,
          "z": 6000.00
        },
        {
          "config": "{\"name\":\"bd0f6a9058d1d6a9101a\",\"layouts\":[{\"id\":0,\"position\":{\"x\":689.76,\"y\":15.84,\"z\":4000,\"width\":214.56,\"height\":99.36,\"tabOrder\":3000}}],\"singleVisual\":{\"visualType\":\"card\",\"projections\":{\"Values\":[{\"queryRef\":\"Measure.Total quantity\"}]},\"prototypeQuery\":{\"Version\":2,\"From\":[{\"Name\":\"m\",\"Entity\":\"Measure\",\"Type\":0}],\"Select\":[{\"Measure\":{\"Expression\":{\"SourceRef\":{\"Source\":\"m\"}},\"Property\":\"Order quantity\"},\"Name\":\"Measure.Total quantity\",\"NativeReferenceName\":\"Order Quantity\"}],\"OrderBy\":[{\"Direction\":2,\"Expression\":{\"Measure\":{\"Expression\":{\"SourceRef\":{\"Source\":\"m\"}},\"Property\":\"Order quantity\"}}}]},\"columnProperties\":{\"Measure.Total quantity\":{\"displayName\":\"Order Quantity\"}},\"drillFilterOtherVisuals\":true,\"hasDefaultSort\":true,\"objects\":{\"labels\":[{\"properties\":{\"fontSize\":{\"expr\":{\"Literal\":{\"Value\":\"33D\"}}}}}],\"categoryLabels\":[{\"properties\":{\"color\":{\"solid\":{\"color\":{\"expr\":{\"ThemeDataColor\":{\"ColorId\":1,\"Percent\":0}}}}}}}]},\"vcObjects\":{\"title\":[{\"properties\":{\"titleWrap\":{\"expr\":{\"Literal\":{\"Value\":\"true\"}}}}}],\"background\":[{\"properties\":{\"show\":{\"expr\":{\"Literal\":{\"Value\":\"true\"}}},\"transparency\":{\"expr\":{\"Literal\":{\"Value\":\"0D\"}}}}}],\"border\":[{\"properties\":{\"show\":{\"expr\":{\"Literal\":{\"Value\":\"true\"}}},\"width\":{\"expr\":{\"Literal\":{\"Value\":\"1D\"}}}}}]}}}",
          "filters": "[]",
          "height": 99.36,
          "width": 214.56,
          "x": 689.76,
          "y": 15.84,
          "z": 4000.00
        },
        {
          "config": "{\"name\":\"c5f56704b64b11a1d0d0\",\"layouts\":[{\"id\":0,\"position\":{\"x\":10.08,\"y\":136.8,\"z\":5000,\"width\":442.08000000000004,\"height\":239.04000000000002,\"tabOrder\":6000}}],\"singleVisual\":{\"visualType\":\"lineChart\",\"projections\":{\"Category\":[{\"queryRef\":\"Calendar.Date.Variation.Date Hierarchy.Month\",\"active\":true}],\"Y\":[{\"queryRef\":\"Measure.Total sales\"}]},\"prototypeQuery\":{\"Version\":2,\"From\":[{\"Name\":\"c\",\"Entity\":\"Calendar\",\"Type\":0},{\"Name\":\"m\",\"Entity\":\"Measure\",\"Type\":0}],\"Select\":[{\"HierarchyLevel\":{\"Expression\":{\"Hierarchy\":{\"Expression\":{\"PropertyVariationSource\":{\"Expression\":{\"SourceRef\":{\"Source\":\"c\"}},\"Name\":\"Variation\",\"Property\":\"Date\"}},\"Hierarchy\":\"Date Hierarchy\"}},\"Level\":\"Month\"},\"Name\":\"Calendar.Date.Variation.Date Hierarchy.Month\",\"NativeReferenceName\":\"Date Month\"},{\"Measure\":{\"Expression\":{\"SourceRef\":{\"Source\":\"m\"}},\"Property\":\"Total sales\"},\"Name\":\"Measure.Total sales\",\"NativeReferenceName\":\"Total sales\"}]},\"drillFilterOtherVisuals\":true,\"objects\":{\"labels\":[{\"properties\":{\"show\":{\"expr\":{\"Literal\":{\"Value\":\"true\"}}}}}],\"lineStyles\":[{\"properties\":{\"showMarker\":{\"expr\":{\"Literal\":{\"Value\":\"true\"}}}}}]},\"vcObjects\":{\"border\":[{\"properties\":{\"show\":{\"expr\":{\"Literal\":{\"Value\":\"true\"}}}}}]}}}",
          "filters": "[]",
          "height": 239.04,
          "width": 442.08,
          "x": 10.08,
          "y": 136.80,
          "z": 5000.00
        },
        {
          "config": "{\"name\":\"c7bdf02724b26432c897\",\"layouts\":[{\"id\":0,\"position\":{\"x\":15.064134078212305,\"y\":127.78100558659219,\"z\":3000,\"width\":352.1787709497207,\"height\":94.74860335195531,\"tabOrder\":2000}}],\"singleVisual\":{\"visualType\":\"slicer\",\"projections\":{\"Values\":[{\"queryRef\":\"Parameter.Parameter\",\"active\":true}]},\"prototypeQuery\":{\"Version\":2,\"From\":[{\"Name\":\"p\",\"Entity\":\"Parameter\",\"Type\":0}],\"Select\":[{\"Column\":{\"Expression\":{\"SourceRef\":{\"Source\":\"p\"}},\"Property\":\"Parameter\"},\"Name\":\"Parameter.Parameter\",\"NativeReferenceName\":\"Parameter\"}]},\"drillFilterOtherVisuals\":true,\"objects\":{\"data\":[{\"properties\":{\"mode\":{\"expr\":{\"Literal\":{\"Value\":\"'Single'\"}}},\"numericStart\":{\"expr\":{\"Literal\":{\"Value\":\"10D\"}}}}}],\"general\":[{\"properties\":{\"orientation\":{\"expr\":{\"Literal\":{\"Value\":\"1D\"}}},\"filter\":{\"filter\":{\"Version\":2,\"From\":[{\"Name\":\"p\",\"Entity\":\"Parameter\",\"Type\":0}],\"Where\":[{\"Condition\":{\"Comparison\":{\"ComparisonKind\":0,\"Left\":{\"Column\":{\"Expression\":{\"SourceRef\":{\"Source\":\"p\"}},\"Property\":\"Parameter\"}},\"Right\":{\"Literal\":{\"Value\":\"10D\"}}}}}]}}}}],\"header\":[{\"properties\":{\"show\":{\"expr\":{\"Literal\":{\"Value\":\"false\"}}},\"text\":{\"expr\":{\"Literal\":{\"Value\":\"'Top N Filter'\"}}},\"fontColor\":{\"solid\":{\"color\":{\"expr\":{\"ThemeDataColor\":{\"ColorId\":1,\"Percent\":0}}}}},\"textSize\":{\"expr\":{\"Literal\":{\"Value\":\"14D\"}}}}}],\"numericInputStyle\":[{\"properties\":{\"textSize\":{\"expr\":{\"Literal\":{\"Value\":\"11D\"}}}}}]},\"vcObjects\":{\"title\":[{\"properties\":{\"show\":{\"expr\":{\"Literal\":{\"Value\":\"true\"}}},\"text\":{\"expr\":{\"Literal\":{\"Value\":\"'Top N filter'\"}}}}}],\"background\":[{\"properties\":{\"transparency\":{\"expr\":{\"Literal\":{\"Value\":\"100D\"}}}}}]}},\"parentGroupName\":\"7347282472b0c6c76140\"}",
          "filters": "[]",
          "height": 94.75,
          "width": 352.18,
          "x": 15.06,
          "y": 127.78,
          "z": 3000.00
        },
        {
          "config": "{\"name\":\"cc86c4b8113d891babb1\",\"layouts\":[{\"id\":0,\"position\":{\"x\":344.0448,\"y\":117.61920000000002,\"z\":4000,\"width\":139.68,\"height\":46.08,\"tabOrder\":3000}}],\"singleVisual\":{\"visualType\":\"actionButton\",\"drillFilterOtherVisuals\":true,\"objects\":{\"icon\":[{\"properties\":{\"shapeType\":{\"expr\":{\"Literal\":{\"Value\":\"'blank'\"}}}},\"selector\":{\"id\":\"default\"}}],\"fill\":[{\"properties\":{\"show\":{\"expr\":{\"Literal\":{\"Value\":\"false\"}}}}}],\"text\":[{\"properties\":{\"show\":{\"expr\":{\"Literal\":{\"Value\":\"true\"}}}}},{\"properties\":{\"text\":{\"expr\":{\"Literal\":{\"Value\":\"'Apply'\"}}},\"fontColor\":{\"solid\":{\"color\":{\"expr\":{\"ThemeDataColor\":{\"ColorId\":1,\"Percent\":0}}}}},\"fontSize\":{\"expr\":{\"Literal\":{\"Value\":\"13D\"}}}},\"selector\":{\"id\":\"default\"}}],\"outline\":[{\"properties\":{\"show\":{\"expr\":{\"Literal\":{\"Value\":\"false\"}}}}}]},\"vcObjects\":{\"visualLink\":[{\"properties\":{\"show\":{\"expr\":{\"Literal\":{\"Value\":\"true\"}}},\"type\":{\"expr\":{\"Literal\":{\"Value\":\"'ApplyAllSlicers'\"}}}}}]}},\"parentGroupName\":\"7347282472b0c6c76140\",\"howCreated\":\"InsertVisualButton\"}",
          "filters": "[]",
          "height": 46.08,
          "width": 139.68,
          "x": 344.04,
          "y": 117.62,
          "z": 4000.00
        },
        {
          "config": "{\"name\":\"dfe512a7dcc7d6b55d95\",\"layouts\":[{\"id\":0,\"position\":{\"x\":0,\"y\":0,\"z\":0,\"width\":511.20000000000005,\"height\":230.4,\"tabOrder\":0}}],\"singleVisual\":{\"visualType\":\"shape\",\"drillFilterOtherVisuals\":true,\"objects\":{\"shape\":[{\"properties\":{\"tileShape\":{\"expr\":{\"Literal\":{\"Value\":\"'rectangleRoundedByPixel'\"}}}}}],\"rotation\":[{\"properties\":{\"shapeAngle\":{\"expr\":{\"Literal\":{\"Value\":\"0L\"}}}}}],\"fill\":[{\"properties\":{\"show\":{\"expr\":{\"Literal\":{\"Value\":\"true\"}}}}},{\"properties\":{\"transparency\":{\"expr\":{\"Literal\":{\"Value\":\"0D\"}}},\"fillColor\":{\"solid\":{\"color\":{\"expr\":{\"ThemeDataColor\":{\"ColorId\":2,\"Percent\":0.6}}}}}},\"selector\":{\"id\":\"default\"}}]},\"vcObjects\":{\"background\":[{\"properties\":{\"show\":{\"expr\":{\"Literal\":{\"Value\":\"false\"}}},\"color\":{\"solid\":{\"color\":{\"expr\":{\"ThemeDataColor\":{\"ColorId\":2,\"Percent\":0.6}}}}}}}]}},\"parentGroupName\":\"7347282472b0c6c76140\",\"howCreated\":\"InsertVisualButton\"}",
          "filters": "[]",
          "height": 230.40,
          "width": 511.20,
          "x": 0.00,
          "y": 0.00,
          "z": 0.00
        },
        {
          "config": "{\"name\":\"e7ef0e556b0de601c05b\",\"layouts\":[{\"id\":0,\"position\":{\"x\":1143.3600000000001,\"y\":66.24000000000001,\"z\":12000,\"width\":120.96000000000001,\"height\":48.96,\"tabOrder\":13000}}],\"singleVisual\":{\"visualType\":\"actionButton\",\"drillFilterOtherVisuals\":true,\"objects\":{\"icon\":[{\"properties\":{\"shapeType\":{\"expr\":{\"Literal\":{\"Value\":\"'blank'\"}}}},\"selector\":{\"id\":\"default\"}}],\"shape\":[{\"properties\":{\"tileShape\":{\"expr\":{\"Literal\":{\"Value\":\"'rectangleRounded'\"}}}},\"selector\":{\"id\":\"default\"}}],\"text\":[{\"properties\":{\"show\":{\"expr\":{\"Literal\":{\"Value\":\"true\"}}}}},{\"properties\":{\"text\":{\"expr\":{\"Literal\":{\"Value\":\"'Clear Slicer'\"}}},\"fontColor\":{\"solid\":{\"color\":{\"expr\":{\"ThemeDataColor\":{\"ColorId\":1,\"Percent\":0}}}}},\"fontSize\":{\"expr\":{\"Literal\":{\"Value\":\"13D\"}}}},\"selector\":{\"id\":\"default\"}}]},\"vcObjects\":{\"visualLink\":[{\"properties\":{\"show\":{\"expr\":{\"Literal\":{\"Value\":\"true\"}}},\"type\":{\"expr\":{\"Literal\":{\"Value\":\"'Bookmark'\"}}},\"bookmark\":{\"expr\":{\"Literal\":{\"Value\":\"'5364926b5237410b6700'\"}}}}}]}},\"howCreated\":\"InsertVisualButton\"}",
          "filters": "[]",
          "height": 48.96,
          "width": 120.96,
          "x": 1143.36,
          "y": 66.24,
          "z": 12000.00
        },
        {
          "config": "{\"name\":\"f695059d56060ce20233\",\"layouts\":[{\"id\":0,\"position\":{\"x\":1056.96,\"y\":136.8,\"z\":8000,\"width\":207.36,\"height\":59.04,\"tabOrder\":9000}}],\"singleVisual\":{\"visualType\":\"actionButton\",\"drillFilterOtherVisuals\":true,\"objects\":{\"icon\":[{\"properties\":{\"shapeType\":{\"expr\":{\"Literal\":{\"Value\":\"'blank'\"}}}},\"selector\":{\"id\":\"default\"}}],\"text\":[{\"properties\":{\"show\":{\"expr\":{\"Literal\":{\"Value\":\"true\"}}}}},{\"properties\":{\"text\":{\"expr\":{\"Literal\":{\"Value\":\"'Sales by Country'\"}}},\"fontColor\":{\"solid\":{\"color\":{\"expr\":{\"ThemeDataColor\":{\"ColorId\":1,\"Percent\":0}}}}},\"fontSize\":{\"expr\":{\"Literal\":{\"Value\":\"18D\"}}}},\"selector\":{\"id\":\"default\"}}]},\"vcObjects\":{\"visualLink\":[{\"properties\":{\"show\":{\"expr\":{\"Literal\":{\"Value\":\"true\"}}},\"type\":{\"expr\":{\"Literal\":{\"Value\":\"'Bookmark'\"}}},\"bookmark\":{\"expr\":{\"Literal\":{\"Value\":\"'5583be31000e0c28708a'\"}}}}}]}},\"howCreated\":\"InsertVisualButton\"}",
          "filters": "[]",
          "height": 59.04,
          "width": 207.36,
          "x": 1056.96,
          "y": 136.80,
          "z": 8000.00
        },
        {
          "config": "{\"name\":\"ff5f811f69d53d68bb50\",\"layouts\":[{\"id\":0,\"position\":{\"x\":14.400000000000034,\"y\":17.28,\"z\":1000,\"width\":103.68,\"height\":97.92,\"tabOrder\":1000}}],\"singleVisual\":{\"visualType\":\"slicer\",\"projections\":{\"Values\":[{\"queryRef\":\"Calendar.Date.Variation.Date Hierarchy.Year\",\"active\":true}]},\"prototypeQuery\":{\"Version\":2,\"From\":[{\"Name\":\"c\",\"Entity\":\"Calendar\",\"Type\":0}],\"Select\":[{\"HierarchyLevel\":{\"Expression\":{\"Hierarchy\":{\"Expression\":{\"PropertyVariationSource\":{\"Expression\":{\"SourceRef\":{\"Source\":\"c\"}},\"Name\":\"Variation\",\"Property\":\"Date\"}},\"Hierarchy\":\"Date Hierarchy\"}},\"Level\":\"Year\"},\"Name\":\"Calendar.Date.Variation.Date Hierarchy.Year\",\"NativeReferenceName\":\"Date Year\"}]},\"drillFilterOtherVisuals\":true,\"objects\":{\"data\":[{\"properties\":{\"mode\":{\"expr\":{\"Literal\":{\"Value\":\"'Basic'\"}}}}}],\"general\":[{\"properties\":{\"orientation\":{\"expr\":{\"Literal\":{\"Value\":\"0D\"}}}}}],\"header\":[{\"properties\":{\"show\":{\"expr\":{\"Literal\":{\"Value\":\"false\"}}}}}]},\"vcObjects\":{\"visualHeader\":[{\"properties\":{\"show\":{\"expr\":{\"Literal\":{\"Value\":\"false\"}}}}}],\"title\":[{\"properties\":{\"show\":{\"expr\":{\"Literal\":{\"Value\":\"true\"}}},\"text\":{\"expr\":{\"Literal\":{\"Value\":\"'Year'\"}}}}}],\"background\":[{\"properties\":{\"transparency\":{\"expr\":{\"Literal\":{\"Value\":\"100D\"}}}}}]}},\"parentGroupName\":\"7347282472b0c6c76140\"}",
          "filters": "[]",
          "height": 97.92,
          "width": 103.68,
          "x": 14.40,
          "y": 17.28,
          "z": 1000.00
        }
      ],
      "width": 1280.00
    },
    {
      "config": "{}",
      "displayName": "Insights",
      "displayOption": 1,
      "filters": "[]",
      "height": 720.00,
      "name": "aaa75c0893c75a8b0b8a",
      "ordinal": 2,
      "visualContainers": [
        {
          "config": "{\"name\":\"1eb5af60c28700512243\",\"layouts\":[{\"id\":0,\"position\":{\"x\":0,\"y\":0,\"z\":0,\"width\":1280.16,\"height\":720,\"tabOrder\":0}}],\"singleVisual\":{\"visualType\":\"textbox\",\"drillFilterOtherVisuals\":true,\"objects\":{\"general\":[{\"properties\":{\"paragraphs\":[{\"textRuns\":[{\"value\":\"Project Overview:\",\"textStyle\":{\"fontWeight\":\"bold\",\"fontSize\":\"14pt\"}}]},{\"textRuns\":[{\"value\":\"First of all , this is a secondary dataset so I created a requirement for this project. Based on that my project goal is to identify how stock invoice happening on online retail company in the year 2010 and 2011.\",\"textStyle\":{\"fontSize\":\"14pt\"}}]},{\"textRuns\":[{\"value\":\"\"}]},{\"textRuns\":[{\"value\":\"Summary :\",\"textStyle\":{\"fontWeight\":\"bold\",\"fontSize\":\"14pt\"}}]},{\"textRuns\":[{\"value\":\"The company has total of 4059 stocks with active customer of 4340.\",\"textStyle\":{\"fontSize\":\"14pt\"}}],\"listType\":\"bullet\"},{\"textRuns\":[{\"value\":\"The company has total order of $5M and made over $10.64M of revenue.\",\"textStyle\":{\"fontSize\":\"14pt\"}}],\"listType\":\"bullet\"},{\"textRuns\":[{\"value\":\"The company has placed more order in PM than AM.\",\"textStyle\":{\"fontSize\":\"14pt\"}}],\"listType\":\"bullet\"},{\"textRuns\":[{\"value\":\"The company stock invoice started from in December 2010 and invoice didn't happened in past 11 months.\",\"textStyle\":{\"fontSize\":\"14pt\"}}],\"listType\":\"bullet\"},{\"textRuns\":[{\"value\":\"In December 2010 the company made revenue of $8,23,746\",\"textStyle\":{\"fontSize\":\"14pt\"}}],\"listType\":\"bullet\"},{\"textRuns\":[{\"value\":\"In 2011 They made revenue over $9820814\",\"textStyle\":{\"fontSize\":\"14pt\"}}],\"listType\":\"bullet\"},{\"textRuns\":[{\"value\":\"The country has more invoice and most revenue is United Kingdom.\",\"textStyle\":{\"fontSize\":\"14pt\"}}],\"listType\":\"bullet\"},{\"textRuns\":[{\"value\":\"\"}]},{\"textRuns\":[{\"value\":\"Suggestion to improve business:\",\"textStyle\":{\"fontWeight\":\"bold\",\"fontSize\":\"14pt\"}}]},{\"textRuns\":[{\"value\":\"\"}]},{\"textRuns\":[{\"value\":\"By analyzing the data I understand that company has started to generate revenue from December 2010. So we can assume that The company has started in 2010.\",\"textStyle\":{\"fontSize\":\"14pt\"}}],\"listType\":\"bullet\"},{\"textRuns\":[{\"value\":\"In 2011 the company has generated more revenue and by the end of the year they made huge impact on business.\",\"textStyle\":{\"fontSize\":\"14pt\"}}],\"listType\":\"bullet\"},{\"textRuns\":[{\"value\":\"Some customer had not mentioned ID and I assume that order is not placed and sales didn't happened.\",\"textStyle\":{\"fontSize\":\"14pt\"}}],\"listType\":\"bullet\"},{\"textRuns\":[{\"value\":\"They made most revenue in United Kingdom and didn't perform well in other countries.\",\"textStyle\":{\"fontSize\":\"14pt\"}}],\"listType\":\"bullet\"},{\"textRuns\":[{\"value\":\"Need to improve order placing in AM.\",\"textStyle\":{\"fontSize\":\"14pt\"}}],\"listType\":\"bullet\"},{\"textRuns\":[{\"value\":\"\"}]}]}}]}}}",
          "filters": "[]",
          "height": 720.00,
          "width": 1280.16,
          "x": 0.00,
          "y": 0.00,
          "z": 0.00
        }
      ],
      "width": 1280.00
    },
    {
      "config": "{\"type\":1}",
      "displayName": "Tooltip",
      "displayOption": 3,
      "filters": "[]",
      "height": 200.00,
      "name": "c7c5c3f0b4d6e0606610",
      "ordinal": 1,
      "visualContainers": [
        {
          "config": "{\"name\":\"027b242a50686122ea78\",\"layouts\":[{\"id\":0,\"position\":{\"x\":13,\"y\":10,\"z\":0,\"width\":290,\"height\":77}}],\"singleVisual\":{\"visualType\":\"card\",\"projections\":{\"Values\":[{\"queryRef\":\"Measure.Total invoice\"}]},\"prototypeQuery\":{\"Version\":2,\"From\":[{\"Name\":\"m\",\"Entity\":\"Measure\",\"Type\":0}],\"Select\":[{\"Measure\":{\"Expression\":{\"SourceRef\":{\"Source\":\"m\"}},\"Property\":\"Total invoice\"},\"Name\":\"Measure.Total invoice\",\"NativeReferenceName\":\"Total invoice\"}]},\"drillFilterOtherVisuals\":true,\"objects\":{\"labels\":[{\"properties\":{\"fontSize\":{\"expr\":{\"Literal\":{\"Value\":\"20D\"}}}}}]}}}",
          "filters": "[]",
          "height": 77.00,
          "width": 290.00,
          "x": 13.00,
          "y": 10.00,
          "z": 0.00
        },
        {
          "config": "{\"name\":\"cecab4e7aabd97ce3b20\",\"layouts\":[{\"id\":0,\"position\":{\"x\":15,\"y\":109,\"z\":1000,\"width\":290,\"height\":77}}],\"singleVisual\":{\"visualType\":\"card\",\"projections\":{\"Values\":[{\"queryRef\":\"Measure.Total sales\"}]},\"prototypeQuery\":{\"Version\":2,\"From\":[{\"Name\":\"m\",\"Entity\":\"Measure\",\"Type\":0}],\"Select\":[{\"Measure\":{\"Expression\":{\"SourceRef\":{\"Source\":\"m\"}},\"Property\":\"Total sales\"},\"Name\":\"Measure.Total sales\",\"NativeReferenceName\":\"Total sales\"}]},\"autoSelectVisualType\":true,\"drillFilterOtherVisuals\":true,\"objects\":{\"labels\":[{\"properties\":{\"fontSize\":{\"expr\":{\"Literal\":{\"Value\":\"20D\"}}}}}]},\"vcObjects\":{\"title\":[{\"properties\":{\"titleWrap\":{\"expr\":{\"Literal\":{\"Value\":\"true\"}}}}}],\"background\":[{\"properties\":{\"show\":{\"expr\":{\"Literal\":{\"Value\":\"true\"}}},\"transparency\":{\"expr\":{\"Literal\":{\"Value\":\"0D\"}}}}}],\"border\":[{\"properties\":{\"width\":{\"expr\":{\"Literal\":{\"Value\":\"1D\"}}}}}]}}}",
          "filters": "[]",
          "height": 77.00,
          "width": 290.00,
          "x": 15.00,
          "y": 109.00,
          "z": 1000.00
        }
      ],
      "width": 320.00
    }
  ]
}